ImageNumber,Filename,Treatment,Well,Time_hr
1,VID654_B2_1_00d00h00m.tif,IL34neg_Vehicle,B2,0
2,VID654_B2_1_00d02h00m.tif,IL34neg_Vehicle,B2,2
3,VID654_B2_1_00d04h00m.tif,IL34neg_Vehicle,B2,4
4,VID654_B2_1_00d06h00m.tif,IL34neg_Vehicle,B2,6
5,VID654_B2_1_00d08h00m.tif,IL34neg_Vehicle,B2,8
6,VID654_B2_1_00d10h00m.tif,IL34neg_Vehicle,B2,10
7,VID654_B2_1_00d12h00m.tif,IL34neg_Vehicle,B2,12
8,VID654_B2_1_00d14h00m.tif,IL34neg_Vehicle,B2,14
9,VID654_B2_1_00d16h00m.tif,IL34neg_Vehicle,B2,16
10,VID654_B2_1_00d18h00m.tif,IL34neg_Vehicle,B2,18
11,VID654_B2_1_00d20h00m.tif,IL34neg_Vehicle,B2,20
12,VID654_B2_1_00d22h00m.tif,IL34neg_Vehicle,B2,22
13,VID654_B2_1_01d00h00m.tif,IL34neg_Vehicle,B2,24
14,VID654_B2_3_00d00h00m.tif,IL34neg_Vehicle,B2,0
15,VID654_B2_3_00d02h00m.tif,IL34neg_Vehicle,B2,2
16,VID654_B2_3_00d04h00m.tif,IL34neg_Vehicle,B2,4
17,VID654_B2_3_00d06h00m.tif,IL34neg_Vehicle,B2,6
18,VID654_B2_3_00d08h00m.tif,IL34neg_Vehicle,B2,8
19,VID654_B2_3_00d10h00m.tif,IL34neg_Vehicle,B2,10
20,VID654_B2_3_00d12h00m.tif,IL34neg_Vehicle,B2,12
21,VID654_B2_3_00d14h00m.tif,IL34neg_Vehicle,B2,14
22,VID654_B2_3_00d16h00m.tif,IL34neg_Vehicle,B2,16
23,VID654_B2_3_00d18h00m.tif,IL34neg_Vehicle,B2,18
24,VID654_B2_3_00d20h00m.tif,IL34neg_Vehicle,B2,20
25,VID654_B2_3_00d22h00m.tif,IL34neg_Vehicle,B2,22
26,VID654_B2_3_01d00h00m.tif,IL34neg_Vehicle,B2,24
27,VID654_B3_1_00d00h00m.tif,LPS,B3,0
28,VID654_B3_1_00d02h00m.tif,LPS,B3,2
29,VID654_B3_1_00d04h00m.tif,LPS,B3,4
30,VID654_B3_1_00d06h00m.tif,LPS,B3,6
31,VID654_B3_1_00d08h00m.tif,LPS,B3,8
32,VID654_B3_1_00d10h00m.tif,LPS,B3,10
33,VID654_B3_1_00d12h00m.tif,LPS,B3,12
34,VID654_B3_1_00d14h00m.tif,LPS,B3,14
35,VID654_B3_1_00d16h00m.tif,LPS,B3,16
36,VID654_B3_1_00d18h00m.tif,LPS,B3,18
37,VID654_B3_1_00d20h00m.tif,LPS,B3,20
38,VID654_B3_1_00d22h00m.tif,LPS,B3,22
39,VID654_B3_1_01d00h00m.tif,LPS,B3,24
40,VID654_B3_3_00d00h00m.tif,LPS,B3,0
41,VID654_B3_3_00d02h00m.tif,LPS,B3,2
42,VID654_B3_3_00d04h00m.tif,LPS,B3,4
43,VID654_B3_3_00d06h00m.tif,LPS,B3,6
44,VID654_B3_3_00d08h00m.tif,LPS,B3,8
45,VID654_B3_3_00d10h00m.tif,LPS,B3,10
46,VID654_B3_3_00d12h00m.tif,LPS,B3,12
47,VID654_B3_3_00d14h00m.tif,LPS,B3,14
48,VID654_B3_3_00d16h00m.tif,LPS,B3,16
49,VID654_B3_3_00d18h00m.tif,LPS,B3,18
50,VID654_B3_3_00d20h00m.tif,LPS,B3,20
51,VID654_B3_3_00d22h00m.tif,LPS,B3,22
52,VID654_B3_3_01d00h00m.tif,LPS,B3,24
53,VID654_B4_1_00d00h00m.tif,IFNr,B4,0
54,VID654_B4_1_00d02h00m.tif,IFNr,B4,2
55,VID654_B4_1_00d04h00m.tif,IFNr,B4,4
56,VID654_B4_1_00d06h00m.tif,IFNr,B4,6
57,VID654_B4_1_00d08h00m.tif,IFNr,B4,8
58,VID654_B4_1_00d10h00m.tif,IFNr,B4,10
59,VID654_B4_1_00d12h00m.tif,IFNr,B4,12
60,VID654_B4_1_00d14h00m.tif,IFNr,B4,14
61,VID654_B4_1_00d16h00m.tif,IFNr,B4,16
62,VID654_B4_1_00d18h00m.tif,IFNr,B4,18
63,VID654_B4_1_00d20h00m.tif,IFNr,B4,20
64,VID654_B4_1_00d22h00m.tif,IFNr,B4,22
65,VID654_B4_1_01d00h00m.tif,IFNr,B4,24
66,VID654_B4_3_00d00h00m.tif,IFNr,B4,0
67,VID654_B4_3_00d02h00m.tif,IFNr,B4,2
68,VID654_B4_3_00d04h00m.tif,IFNr,B4,4
69,VID654_B4_3_00d06h00m.tif,IFNr,B4,6
70,VID654_B4_3_00d08h00m.tif,IFNr,B4,8
71,VID654_B4_3_00d10h00m.tif,IFNr,B4,10
72,VID654_B4_3_00d12h00m.tif,IFNr,B4,12
73,VID654_B4_3_00d14h00m.tif,IFNr,B4,14
74,VID654_B4_3_00d16h00m.tif,IFNr,B4,16
75,VID654_B4_3_00d18h00m.tif,IFNr,B4,18
76,VID654_B4_3_00d20h00m.tif,IFNr,B4,20
77,VID654_B4_3_00d22h00m.tif,IFNr,B4,22
78,VID654_B4_3_01d00h00m.tif,IFNr,B4,24
79,VID654_B5_1_00d00h00m.tif,LPS+IFNr,B5,0
80,VID654_B5_1_00d02h00m.tif,LPS+IFNr,B5,2
81,VID654_B5_1_00d04h00m.tif,LPS+IFNr,B5,4
82,VID654_B5_1_00d06h00m.tif,LPS+IFNr,B5,6
83,VID654_B5_1_00d08h00m.tif,LPS+IFNr,B5,8
84,VID654_B5_1_00d10h00m.tif,LPS+IFNr,B5,10
85,VID654_B5_1_00d12h00m.tif,LPS+IFNr,B5,12
86,VID654_B5_1_00d14h00m.tif,LPS+IFNr,B5,14
87,VID654_B5_1_00d16h00m.tif,LPS+IFNr,B5,16
88,VID654_B5_1_00d18h00m.tif,LPS+IFNr,B5,18
89,VID654_B5_1_00d20h00m.tif,LPS+IFNr,B5,20
90,VID654_B5_1_00d22h00m.tif,LPS+IFNr,B5,22
91,VID654_B5_1_01d00h00m.tif,LPS+IFNr,B5,24
92,VID654_B5_3_00d00h00m.tif,LPS+IFNr,B5,0
93,VID654_B5_3_00d02h00m.tif,LPS+IFNr,B5,2
94,VID654_B5_3_00d04h00m.tif,LPS+IFNr,B5,4
95,VID654_B5_3_00d06h00m.tif,LPS+IFNr,B5,6
96,VID654_B5_3_00d08h00m.tif,LPS+IFNr,B5,8
97,VID654_B5_3_00d10h00m.tif,LPS+IFNr,B5,10
98,VID654_B5_3_00d12h00m.tif,LPS+IFNr,B5,12
99,VID654_B5_3_00d14h00m.tif,LPS+IFNr,B5,14
100,VID654_B5_3_00d16h00m.tif,LPS+IFNr,B5,16
101,VID654_B5_3_00d18h00m.tif,LPS+IFNr,B5,18
102,VID654_B5_3_00d20h00m.tif,LPS+IFNr,B5,20
103,VID654_B5_3_00d22h00m.tif,LPS+IFNr,B5,22
104,VID654_B5_3_01d00h00m.tif,LPS+IFNr,B5,24
105,VID654_B6_1_00d00h00m.tif,IL34neg_IL1beta,B6,0
106,VID654_B6_1_00d02h00m.tif,IL34neg_IL1beta,B6,2
107,VID654_B6_1_00d04h00m.tif,IL34neg_IL1beta,B6,4
108,VID654_B6_1_00d06h00m.tif,IL34neg_IL1beta,B6,6
109,VID654_B6_1_00d08h00m.tif,IL34neg_IL1beta,B6,8
110,VID654_B6_1_00d10h00m.tif,IL34neg_IL1beta,B6,10
111,VID654_B6_1_00d12h00m.tif,IL34neg_IL1beta,B6,12
112,VID654_B6_1_00d14h00m.tif,IL34neg_IL1beta,B6,14
113,VID654_B6_1_00d16h00m.tif,IL34neg_IL1beta,B6,16
114,VID654_B6_1_00d18h00m.tif,IL34neg_IL1beta,B6,18
115,VID654_B6_1_00d20h00m.tif,IL34neg_IL1beta,B6,20
116,VID654_B6_1_00d22h00m.tif,IL34neg_IL1beta,B6,22
117,VID654_B6_1_01d00h00m.tif,IL34neg_IL1beta,B6,24
118,VID654_B6_3_00d00h00m.tif,IL34neg_IL1beta,B6,0
119,VID654_B6_3_00d02h00m.tif,IL34neg_IL1beta,B6,2
120,VID654_B6_3_00d04h00m.tif,IL34neg_IL1beta,B6,4
121,VID654_B6_3_00d06h00m.tif,IL34neg_IL1beta,B6,6
122,VID654_B6_3_00d08h00m.tif,IL34neg_IL1beta,B6,8
123,VID654_B6_3_00d10h00m.tif,IL34neg_IL1beta,B6,10
124,VID654_B6_3_00d12h00m.tif,IL34neg_IL1beta,B6,12
125,VID654_B6_3_00d14h00m.tif,IL34neg_IL1beta,B6,14
126,VID654_B6_3_00d16h00m.tif,IL34neg_IL1beta,B6,16
127,VID654_B6_3_00d18h00m.tif,IL34neg_IL1beta,B6,18
128,VID654_B6_3_00d20h00m.tif,IL34neg_IL1beta,B6,20
129,VID654_B6_3_00d22h00m.tif,IL34neg_IL1beta,B6,22
130,VID654_B6_3_01d00h00m.tif,IL34neg_IL1beta,B6,24
131,VID654_B7_1_00d00h00m.tif,IL6,B7,0
132,VID654_B7_1_00d02h00m.tif,IL6,B7,2
133,VID654_B7_1_00d04h00m.tif,IL6,B7,4
134,VID654_B7_1_00d06h00m.tif,IL6,B7,6
135,VID654_B7_1_00d08h00m.tif,IL6,B7,8
136,VID654_B7_1_00d10h00m.tif,IL6,B7,10
137,VID654_B7_1_00d12h00m.tif,IL6,B7,12
138,VID654_B7_1_00d14h00m.tif,IL6,B7,14
139,VID654_B7_1_00d16h00m.tif,IL6,B7,16
140,VID654_B7_1_00d18h00m.tif,IL6,B7,18
141,VID654_B7_1_00d20h00m.tif,IL6,B7,20
142,VID654_B7_1_00d22h00m.tif,IL6,B7,22
143,VID654_B7_1_01d00h00m.tif,IL6,B7,24
144,VID654_B7_3_00d00h00m.tif,IL6,B7,0
145,VID654_B7_3_00d02h00m.tif,IL6,B7,2
146,VID654_B7_3_00d04h00m.tif,IL6,B7,4
147,VID654_B7_3_00d06h00m.tif,IL6,B7,6
148,VID654_B7_3_00d08h00m.tif,IL6,B7,8
149,VID654_B7_3_00d10h00m.tif,IL6,B7,10
150,VID654_B7_3_00d12h00m.tif,IL6,B7,12
151,VID654_B7_3_00d14h00m.tif,IL6,B7,14
152,VID654_B7_3_00d16h00m.tif,IL6,B7,16
153,VID654_B7_3_00d18h00m.tif,IL6,B7,18
154,VID654_B7_3_00d20h00m.tif,IL6,B7,20
155,VID654_B7_3_00d22h00m.tif,IL6,B7,22
156,VID654_B7_3_01d00h00m.tif,IL6,B7,24
157,VID654_B8_1_00d00h00m.tif,IL34neg_TNFa,B8,0
158,VID654_B8_1_00d02h00m.tif,IL34neg_TNFa,B8,2
159,VID654_B8_1_00d04h00m.tif,IL34neg_TNFa,B8,4
160,VID654_B8_1_00d06h00m.tif,IL34neg_TNFa,B8,6
161,VID654_B8_1_00d08h00m.tif,IL34neg_TNFa,B8,8
162,VID654_B8_1_00d10h00m.tif,IL34neg_TNFa,B8,10
163,VID654_B8_1_00d12h00m.tif,IL34neg_TNFa,B8,12
164,VID654_B8_1_00d14h00m.tif,IL34neg_TNFa,B8,14
165,VID654_B8_1_00d16h00m.tif,IL34neg_TNFa,B8,16
166,VID654_B8_1_00d18h00m.tif,IL34neg_TNFa,B8,18
167,VID654_B8_1_00d20h00m.tif,IL34neg_TNFa,B8,20
168,VID654_B8_1_00d22h00m.tif,IL34neg_TNFa,B8,22
169,VID654_B8_1_01d00h00m.tif,IL34neg_TNFa,B8,24
170,VID654_B8_3_00d00h00m.tif,IL34neg_TNFa,B8,0
171,VID654_B8_3_00d02h00m.tif,IL34neg_TNFa,B8,2
172,VID654_B8_3_00d04h00m.tif,IL34neg_TNFa,B8,4
173,VID654_B8_3_00d06h00m.tif,IL34neg_TNFa,B8,6
174,VID654_B8_3_00d08h00m.tif,IL34neg_TNFa,B8,8
175,VID654_B8_3_00d10h00m.tif,IL34neg_TNFa,B8,10
176,VID654_B8_3_00d12h00m.tif,IL34neg_TNFa,B8,12
177,VID654_B8_3_00d14h00m.tif,IL34neg_TNFa,B8,14
178,VID654_B8_3_00d16h00m.tif,IL34neg_TNFa,B8,16
179,VID654_B8_3_00d18h00m.tif,IL34neg_TNFa,B8,18
180,VID654_B8_3_00d20h00m.tif,IL34neg_TNFa,B8,20
181,VID654_B8_3_00d22h00m.tif,IL34neg_TNFa,B8,22
182,VID654_B8_3_01d00h00m.tif,IL34neg_TNFa,B8,24
183,VID654_B9_1_00d00h00m.tif,,B9,0
184,VID654_B9_1_00d02h00m.tif,,B9,2
185,VID654_B9_1_00d04h00m.tif,,B9,4
186,VID654_B9_1_00d06h00m.tif,,B9,6
187,VID654_B9_1_00d08h00m.tif,,B9,8
188,VID654_B9_1_00d10h00m.tif,,B9,10
189,VID654_B9_1_00d12h00m.tif,,B9,12
190,VID654_B9_1_00d14h00m.tif,,B9,14
191,VID654_B9_1_00d16h00m.tif,,B9,16
192,VID654_B9_1_00d18h00m.tif,,B9,18
193,VID654_B9_1_00d20h00m.tif,,B9,20
194,VID654_B9_1_00d22h00m.tif,,B9,22
195,VID654_B9_1_01d00h00m.tif,,B9,24
196,VID654_B9_3_00d00h00m.tif,,B9,0
197,VID654_B9_3_00d02h00m.tif,,B9,2
198,VID654_B9_3_00d04h00m.tif,,B9,4
199,VID654_B9_3_00d06h00m.tif,,B9,6
200,VID654_B9_3_00d08h00m.tif,,B9,8
201,VID654_B9_3_00d10h00m.tif,,B9,10
202,VID654_B9_3_00d12h00m.tif,,B9,12
203,VID654_B9_3_00d14h00m.tif,,B9,14
204,VID654_B9_3_00d16h00m.tif,,B9,16
205,VID654_B9_3_00d18h00m.tif,,B9,18
206,VID654_B9_3_00d20h00m.tif,,B9,20
207,VID654_B9_3_00d22h00m.tif,,B9,22
208,VID654_B9_3_01d00h00m.tif,,B9,24
209,VID654_C2_1_00d00h00m.tif,IL34neg_Vehicle,C2,0
210,VID654_C2_1_00d02h00m.tif,IL34neg_Vehicle,C2,2
211,VID654_C2_1_00d04h00m.tif,IL34neg_Vehicle,C2,4
212,VID654_C2_1_00d06h00m.tif,IL34neg_Vehicle,C2,6
213,VID654_C2_1_00d08h00m.tif,IL34neg_Vehicle,C2,8
214,VID654_C2_1_00d10h00m.tif,IL34neg_Vehicle,C2,10
215,VID654_C2_1_00d12h00m.tif,IL34neg_Vehicle,C2,12
216,VID654_C2_1_00d14h00m.tif,IL34neg_Vehicle,C2,14
217,VID654_C2_1_00d16h00m.tif,IL34neg_Vehicle,C2,16
218,VID654_C2_1_00d18h00m.tif,IL34neg_Vehicle,C2,18
219,VID654_C2_1_00d20h00m.tif,IL34neg_Vehicle,C2,20
220,VID654_C2_1_00d22h00m.tif,IL34neg_Vehicle,C2,22
221,VID654_C2_1_01d00h00m.tif,IL34neg_Vehicle,C2,24
222,VID654_C2_3_00d00h00m.tif,IL34neg_Vehicle,C2,0
223,VID654_C2_3_00d02h00m.tif,IL34neg_Vehicle,C2,2
224,VID654_C2_3_00d04h00m.tif,IL34neg_Vehicle,C2,4
225,VID654_C2_3_00d06h00m.tif,IL34neg_Vehicle,C2,6
226,VID654_C2_3_00d08h00m.tif,IL34neg_Vehicle,C2,8
227,VID654_C2_3_00d10h00m.tif,IL34neg_Vehicle,C2,10
228,VID654_C2_3_00d12h00m.tif,IL34neg_Vehicle,C2,12
229,VID654_C2_3_00d14h00m.tif,IL34neg_Vehicle,C2,14
230,VID654_C2_3_00d16h00m.tif,IL34neg_Vehicle,C2,16
231,VID654_C2_3_00d18h00m.tif,IL34neg_Vehicle,C2,18
232,VID654_C2_3_00d20h00m.tif,IL34neg_Vehicle,C2,20
233,VID654_C2_3_00d22h00m.tif,IL34neg_Vehicle,C2,22
234,VID654_C2_3_01d00h00m.tif,IL34neg_Vehicle,C2,24
235,VID654_C3_1_00d00h00m.tif,LPS,C3,0
236,VID654_C3_1_00d02h00m.tif,LPS,C3,2
237,VID654_C3_1_00d04h00m.tif,LPS,C3,4
238,VID654_C3_1_00d06h00m.tif,LPS,C3,6
239,VID654_C3_1_00d08h00m.tif,LPS,C3,8
240,VID654_C3_1_00d10h00m.tif,LPS,C3,10
241,VID654_C3_1_00d12h00m.tif,LPS,C3,12
242,VID654_C3_1_00d14h00m.tif,LPS,C3,14
243,VID654_C3_1_00d16h00m.tif,LPS,C3,16
244,VID654_C3_1_00d18h00m.tif,LPS,C3,18
245,VID654_C3_1_00d20h00m.tif,LPS,C3,20
246,VID654_C3_1_00d22h00m.tif,LPS,C3,22
247,VID654_C3_1_01d00h00m.tif,LPS,C3,24
248,VID654_C3_3_00d00h00m.tif,LPS,C3,0
249,VID654_C3_3_00d02h00m.tif,LPS,C3,2
250,VID654_C3_3_00d04h00m.tif,LPS,C3,4
251,VID654_C3_3_00d06h00m.tif,LPS,C3,6
252,VID654_C3_3_00d08h00m.tif,LPS,C3,8
253,VID654_C3_3_00d10h00m.tif,LPS,C3,10
254,VID654_C3_3_00d12h00m.tif,LPS,C3,12
255,VID654_C3_3_00d14h00m.tif,LPS,C3,14
256,VID654_C3_3_00d16h00m.tif,LPS,C3,16
257,VID654_C3_3_00d18h00m.tif,LPS,C3,18
258,VID654_C3_3_00d20h00m.tif,LPS,C3,20
259,VID654_C3_3_00d22h00m.tif,LPS,C3,22
260,VID654_C3_3_01d00h00m.tif,LPS,C3,24
261,VID654_C4_1_00d00h00m.tif,IFNr,C4,0
262,VID654_C4_1_00d02h00m.tif,IFNr,C4,2
263,VID654_C4_1_00d04h00m.tif,IFNr,C4,4
264,VID654_C4_1_00d06h00m.tif,IFNr,C4,6
265,VID654_C4_1_00d08h00m.tif,IFNr,C4,8
266,VID654_C4_1_00d10h00m.tif,IFNr,C4,10
267,VID654_C4_1_00d12h00m.tif,IFNr,C4,12
268,VID654_C4_1_00d14h00m.tif,IFNr,C4,14
269,VID654_C4_1_00d16h00m.tif,IFNr,C4,16
270,VID654_C4_1_00d18h00m.tif,IFNr,C4,18
271,VID654_C4_1_00d20h00m.tif,IFNr,C4,20
272,VID654_C4_1_00d22h00m.tif,IFNr,C4,22
273,VID654_C4_1_01d00h00m.tif,IFNr,C4,24
274,VID654_C4_3_00d00h00m.tif,IFNr,C4,0
275,VID654_C4_3_00d02h00m.tif,IFNr,C4,2
276,VID654_C4_3_00d04h00m.tif,IFNr,C4,4
277,VID654_C4_3_00d06h00m.tif,IFNr,C4,6
278,VID654_C4_3_00d08h00m.tif,IFNr,C4,8
279,VID654_C4_3_00d10h00m.tif,IFNr,C4,10
280,VID654_C4_3_00d12h00m.tif,IFNr,C4,12
281,VID654_C4_3_00d14h00m.tif,IFNr,C4,14
282,VID654_C4_3_00d16h00m.tif,IFNr,C4,16
283,VID654_C4_3_00d18h00m.tif,IFNr,C4,18
284,VID654_C4_3_00d20h00m.tif,IFNr,C4,20
285,VID654_C4_3_00d22h00m.tif,IFNr,C4,22
286,VID654_C4_3_01d00h00m.tif,IFNr,C4,24
287,VID654_C5_1_00d00h00m.tif,LPS+IFNr,C5,0
288,VID654_C5_1_00d02h00m.tif,LPS+IFNr,C5,2
289,VID654_C5_1_00d04h00m.tif,LPS+IFNr,C5,4
290,VID654_C5_1_00d06h00m.tif,LPS+IFNr,C5,6
291,VID654_C5_1_00d08h00m.tif,LPS+IFNr,C5,8
292,VID654_C5_1_00d10h00m.tif,LPS+IFNr,C5,10
293,VID654_C5_1_00d12h00m.tif,LPS+IFNr,C5,12
294,VID654_C5_1_00d14h00m.tif,LPS+IFNr,C5,14
295,VID654_C5_1_00d16h00m.tif,LPS+IFNr,C5,16
296,VID654_C5_1_00d18h00m.tif,LPS+IFNr,C5,18
297,VID654_C5_1_00d20h00m.tif,LPS+IFNr,C5,20
298,VID654_C5_1_00d22h00m.tif,LPS+IFNr,C5,22
299,VID654_C5_1_01d00h00m.tif,LPS+IFNr,C5,24
300,VID654_C5_3_00d00h00m.tif,LPS+IFNr,C5,0
301,VID654_C5_3_00d02h00m.tif,LPS+IFNr,C5,2
302,VID654_C5_3_00d04h00m.tif,LPS+IFNr,C5,4
303,VID654_C5_3_00d06h00m.tif,LPS+IFNr,C5,6
304,VID654_C5_3_00d08h00m.tif,LPS+IFNr,C5,8
305,VID654_C5_3_00d10h00m.tif,LPS+IFNr,C5,10
306,VID654_C5_3_00d12h00m.tif,LPS+IFNr,C5,12
307,VID654_C5_3_00d14h00m.tif,LPS+IFNr,C5,14
308,VID654_C5_3_00d16h00m.tif,LPS+IFNr,C5,16
309,VID654_C5_3_00d18h00m.tif,LPS+IFNr,C5,18
310,VID654_C5_3_00d20h00m.tif,LPS+IFNr,C5,20
311,VID654_C5_3_00d22h00m.tif,LPS+IFNr,C5,22
312,VID654_C5_3_01d00h00m.tif,LPS+IFNr,C5,24
313,VID654_C6_1_00d00h00m.tif,IL34neg_IL1beta,C6,0
314,VID654_C6_1_00d02h00m.tif,IL34neg_IL1beta,C6,2
315,VID654_C6_1_00d04h00m.tif,IL34neg_IL1beta,C6,4
316,VID654_C6_1_00d06h00m.tif,IL34neg_IL1beta,C6,6
317,VID654_C6_1_00d08h00m.tif,IL34neg_IL1beta,C6,8
318,VID654_C6_1_00d10h00m.tif,IL34neg_IL1beta,C6,10
319,VID654_C6_1_00d12h00m.tif,IL34neg_IL1beta,C6,12
320,VID654_C6_1_00d14h00m.tif,IL34neg_IL1beta,C6,14
321,VID654_C6_1_00d16h00m.tif,IL34neg_IL1beta,C6,16
322,VID654_C6_1_00d18h00m.tif,IL34neg_IL1beta,C6,18
323,VID654_C6_1_00d20h00m.tif,IL34neg_IL1beta,C6,20
324,VID654_C6_1_00d22h00m.tif,IL34neg_IL1beta,C6,22
325,VID654_C6_1_01d00h00m.tif,IL34neg_IL1beta,C6,24
326,VID654_C6_3_00d00h00m.tif,IL34neg_IL1beta,C6,0
327,VID654_C6_3_00d02h00m.tif,IL34neg_IL1beta,C6,2
328,VID654_C6_3_00d04h00m.tif,IL34neg_IL1beta,C6,4
329,VID654_C6_3_00d06h00m.tif,IL34neg_IL1beta,C6,6
330,VID654_C6_3_00d08h00m.tif,IL34neg_IL1beta,C6,8
331,VID654_C6_3_00d10h00m.tif,IL34neg_IL1beta,C6,10
332,VID654_C6_3_00d12h00m.tif,IL34neg_IL1beta,C6,12
333,VID654_C6_3_00d14h00m.tif,IL34neg_IL1beta,C6,14
334,VID654_C6_3_00d16h00m.tif,IL34neg_IL1beta,C6,16
335,VID654_C6_3_00d18h00m.tif,IL34neg_IL1beta,C6,18
336,VID654_C6_3_00d20h00m.tif,IL34neg_IL1beta,C6,20
337,VID654_C6_3_00d22h00m.tif,IL34neg_IL1beta,C6,22
338,VID654_C6_3_01d00h00m.tif,IL34neg_IL1beta,C6,24
339,VID654_C7_1_00d00h00m.tif,IL6,C7,0
340,VID654_C7_1_00d02h00m.tif,IL6,C7,2
341,VID654_C7_1_00d04h00m.tif,IL6,C7,4
342,VID654_C7_1_00d06h00m.tif,IL6,C7,6
343,VID654_C7_1_00d08h00m.tif,IL6,C7,8
344,VID654_C7_1_00d10h00m.tif,IL6,C7,10
345,VID654_C7_1_00d12h00m.tif,IL6,C7,12
346,VID654_C7_1_00d14h00m.tif,IL6,C7,14
347,VID654_C7_1_00d16h00m.tif,IL6,C7,16
348,VID654_C7_1_00d18h00m.tif,IL6,C7,18
349,VID654_C7_1_00d20h00m.tif,IL6,C7,20
350,VID654_C7_1_00d22h00m.tif,IL6,C7,22
351,VID654_C7_1_01d00h00m.tif,IL6,C7,24
352,VID654_C7_3_00d00h00m.tif,IL6,C7,0
353,VID654_C7_3_00d02h00m.tif,IL6,C7,2
354,VID654_C7_3_00d04h00m.tif,IL6,C7,4
355,VID654_C7_3_00d06h00m.tif,IL6,C7,6
356,VID654_C7_3_00d08h00m.tif,IL6,C7,8
357,VID654_C7_3_00d10h00m.tif,IL6,C7,10
358,VID654_C7_3_00d12h00m.tif,IL6,C7,12
359,VID654_C7_3_00d14h00m.tif,IL6,C7,14
360,VID654_C7_3_00d16h00m.tif,IL6,C7,16
361,VID654_C7_3_00d18h00m.tif,IL6,C7,18
362,VID654_C7_3_00d20h00m.tif,IL6,C7,20
363,VID654_C7_3_00d22h00m.tif,IL6,C7,22
364,VID654_C7_3_01d00h00m.tif,IL6,C7,24
365,VID654_C8_1_00d00h00m.tif,IL34neg_TNFa,C8,0
366,VID654_C8_1_00d02h00m.tif,IL34neg_TNFa,C8,2
367,VID654_C8_1_00d04h00m.tif,IL34neg_TNFa,C8,4
368,VID654_C8_1_00d06h00m.tif,IL34neg_TNFa,C8,6
369,VID654_C8_1_00d08h00m.tif,IL34neg_TNFa,C8,8
370,VID654_C8_1_00d10h00m.tif,IL34neg_TNFa,C8,10
371,VID654_C8_1_00d12h00m.tif,IL34neg_TNFa,C8,12
372,VID654_C8_1_00d14h00m.tif,IL34neg_TNFa,C8,14
373,VID654_C8_1_00d16h00m.tif,IL34neg_TNFa,C8,16
374,VID654_C8_1_00d18h00m.tif,IL34neg_TNFa,C8,18
375,VID654_C8_1_00d20h00m.tif,IL34neg_TNFa,C8,20
376,VID654_C8_1_00d22h00m.tif,IL34neg_TNFa,C8,22
377,VID654_C8_1_01d00h00m.tif,IL34neg_TNFa,C8,24
378,VID654_C8_3_00d00h00m.tif,IL34neg_TNFa,C8,0
379,VID654_C8_3_00d02h00m.tif,IL34neg_TNFa,C8,2
380,VID654_C8_3_00d04h00m.tif,IL34neg_TNFa,C8,4
381,VID654_C8_3_00d06h00m.tif,IL34neg_TNFa,C8,6
382,VID654_C8_3_00d08h00m.tif,IL34neg_TNFa,C8,8
383,VID654_C8_3_00d10h00m.tif,IL34neg_TNFa,C8,10
384,VID654_C8_3_00d12h00m.tif,IL34neg_TNFa,C8,12
385,VID654_C8_3_00d14h00m.tif,IL34neg_TNFa,C8,14
386,VID654_C8_3_00d16h00m.tif,IL34neg_TNFa,C8,16
387,VID654_C8_3_00d18h00m.tif,IL34neg_TNFa,C8,18
388,VID654_C8_3_00d20h00m.tif,IL34neg_TNFa,C8,20
389,VID654_C8_3_00d22h00m.tif,IL34neg_TNFa,C8,22
390,VID654_C8_3_01d00h00m.tif,IL34neg_TNFa,C8,24
391,VID654_C9_1_00d00h00m.tif,,C9,0
392,VID654_C9_1_00d02h00m.tif,,C9,2
393,VID654_C9_1_00d04h00m.tif,,C9,4
394,VID654_C9_1_00d06h00m.tif,,C9,6
395,VID654_C9_1_00d08h00m.tif,,C9,8
396,VID654_C9_1_00d10h00m.tif,,C9,10
397,VID654_C9_1_00d12h00m.tif,,C9,12
398,VID654_C9_1_00d14h00m.tif,,C9,14
399,VID654_C9_1_00d16h00m.tif,,C9,16
400,VID654_C9_1_00d18h00m.tif,,C9,18
401,VID654_C9_1_00d20h00m.tif,,C9,20
402,VID654_C9_1_00d22h00m.tif,,C9,22
403,VID654_C9_1_01d00h00m.tif,,C9,24
404,VID654_C9_3_00d00h00m.tif,,C9,0
405,VID654_C9_3_00d02h00m.tif,,C9,2
406,VID654_C9_3_00d04h00m.tif,,C9,4
407,VID654_C9_3_00d06h00m.tif,,C9,6
408,VID654_C9_3_00d08h00m.tif,,C9,8
409,VID654_C9_3_00d10h00m.tif,,C9,10
410,VID654_C9_3_00d12h00m.tif,,C9,12
411,VID654_C9_3_00d14h00m.tif,,C9,14
412,VID654_C9_3_00d16h00m.tif,,C9,16
413,VID654_C9_3_00d18h00m.tif,,C9,18
414,VID654_C9_3_00d20h00m.tif,,C9,20
415,VID654_C9_3_00d22h00m.tif,,C9,22
416,VID654_C9_3_01d00h00m.tif,,C9,24
417,VID654_D2_1_00d00h00m.tif,IL34neg_Vehicle,D2,0
418,VID654_D2_1_00d02h00m.tif,IL34neg_Vehicle,D2,2
419,VID654_D2_1_00d04h00m.tif,IL34neg_Vehicle,D2,4
420,VID654_D2_1_00d06h00m.tif,IL34neg_Vehicle,D2,6
421,VID654_D2_1_00d08h00m.tif,IL34neg_Vehicle,D2,8
422,VID654_D2_1_00d10h00m.tif,IL34neg_Vehicle,D2,10
423,VID654_D2_1_00d12h00m.tif,IL34neg_Vehicle,D2,12
424,VID654_D2_1_00d14h00m.tif,IL34neg_Vehicle,D2,14
425,VID654_D2_1_00d16h00m.tif,IL34neg_Vehicle,D2,16
426,VID654_D2_1_00d18h00m.tif,IL34neg_Vehicle,D2,18
427,VID654_D2_1_00d20h00m.tif,IL34neg_Vehicle,D2,20
428,VID654_D2_1_00d22h00m.tif,IL34neg_Vehicle,D2,22
429,VID654_D2_1_01d00h00m.tif,IL34neg_Vehicle,D2,24
430,VID654_D2_3_00d00h00m.tif,IL34neg_Vehicle,D2,0
431,VID654_D2_3_00d02h00m.tif,IL34neg_Vehicle,D2,2
432,VID654_D2_3_00d04h00m.tif,IL34neg_Vehicle,D2,4
433,VID654_D2_3_00d06h00m.tif,IL34neg_Vehicle,D2,6
434,VID654_D2_3_00d08h00m.tif,IL34neg_Vehicle,D2,8
435,VID654_D2_3_00d10h00m.tif,IL34neg_Vehicle,D2,10
436,VID654_D2_3_00d12h00m.tif,IL34neg_Vehicle,D2,12
437,VID654_D2_3_00d14h00m.tif,IL34neg_Vehicle,D2,14
438,VID654_D2_3_00d16h00m.tif,IL34neg_Vehicle,D2,16
439,VID654_D2_3_00d18h00m.tif,IL34neg_Vehicle,D2,18
440,VID654_D2_3_00d20h00m.tif,IL34neg_Vehicle,D2,20
441,VID654_D2_3_00d22h00m.tif,IL34neg_Vehicle,D2,22
442,VID654_D2_3_01d00h00m.tif,IL34neg_Vehicle,D2,24
443,VID654_D3_1_00d00h00m.tif,LPS,D3,0
444,VID654_D3_1_00d02h00m.tif,LPS,D3,2
445,VID654_D3_1_00d04h00m.tif,LPS,D3,4
446,VID654_D3_1_00d06h00m.tif,LPS,D3,6
447,VID654_D3_1_00d08h00m.tif,LPS,D3,8
448,VID654_D3_1_00d10h00m.tif,LPS,D3,10
449,VID654_D3_1_00d12h00m.tif,LPS,D3,12
450,VID654_D3_1_00d14h00m.tif,LPS,D3,14
451,VID654_D3_1_00d16h00m.tif,LPS,D3,16
452,VID654_D3_1_00d18h00m.tif,LPS,D3,18
453,VID654_D3_1_00d20h00m.tif,LPS,D3,20
454,VID654_D3_1_00d22h00m.tif,LPS,D3,22
455,VID654_D3_1_01d00h00m.tif,LPS,D3,24
456,VID654_D3_3_00d00h00m.tif,LPS,D3,0
457,VID654_D3_3_00d02h00m.tif,LPS,D3,2
458,VID654_D3_3_00d04h00m.tif,LPS,D3,4
459,VID654_D3_3_00d06h00m.tif,LPS,D3,6
460,VID654_D3_3_00d08h00m.tif,LPS,D3,8
461,VID654_D3_3_00d10h00m.tif,LPS,D3,10
462,VID654_D3_3_00d12h00m.tif,LPS,D3,12
463,VID654_D3_3_00d14h00m.tif,LPS,D3,14
464,VID654_D3_3_00d16h00m.tif,LPS,D3,16
465,VID654_D3_3_00d18h00m.tif,LPS,D3,18
466,VID654_D3_3_00d20h00m.tif,LPS,D3,20
467,VID654_D3_3_00d22h00m.tif,LPS,D3,22
468,VID654_D3_3_01d00h00m.tif,LPS,D3,24
469,VID654_D4_1_00d00h00m.tif,IFNr,D4,0
470,VID654_D4_1_00d02h00m.tif,IFNr,D4,2
471,VID654_D4_1_00d04h00m.tif,IFNr,D4,4
472,VID654_D4_1_00d06h00m.tif,IFNr,D4,6
473,VID654_D4_1_00d08h00m.tif,IFNr,D4,8
474,VID654_D4_1_00d10h00m.tif,IFNr,D4,10
475,VID654_D4_1_00d12h00m.tif,IFNr,D4,12
476,VID654_D4_1_00d14h00m.tif,IFNr,D4,14
477,VID654_D4_1_00d16h00m.tif,IFNr,D4,16
478,VID654_D4_1_00d18h00m.tif,IFNr,D4,18
479,VID654_D4_1_00d20h00m.tif,IFNr,D4,20
480,VID654_D4_1_00d22h00m.tif,IFNr,D4,22
481,VID654_D4_1_01d00h00m.tif,IFNr,D4,24
482,VID654_D4_3_00d00h00m.tif,IFNr,D4,0
483,VID654_D4_3_00d02h00m.tif,IFNr,D4,2
484,VID654_D4_3_00d04h00m.tif,IFNr,D4,4
485,VID654_D4_3_00d06h00m.tif,IFNr,D4,6
486,VID654_D4_3_00d08h00m.tif,IFNr,D4,8
487,VID654_D4_3_00d10h00m.tif,IFNr,D4,10
488,VID654_D4_3_00d12h00m.tif,IFNr,D4,12
489,VID654_D4_3_00d14h00m.tif,IFNr,D4,14
490,VID654_D4_3_00d16h00m.tif,IFNr,D4,16
491,VID654_D4_3_00d18h00m.tif,IFNr,D4,18
492,VID654_D4_3_00d20h00m.tif,IFNr,D4,20
493,VID654_D4_3_00d22h00m.tif,IFNr,D4,22
494,VID654_D4_3_01d00h00m.tif,IFNr,D4,24
495,VID654_D5_1_00d00h00m.tif,LPS+IFNr,D5,0
496,VID654_D5_1_00d02h00m.tif,LPS+IFNr,D5,2
497,VID654_D5_1_00d04h00m.tif,LPS+IFNr,D5,4
498,VID654_D5_1_00d06h00m.tif,LPS+IFNr,D5,6
499,VID654_D5_1_00d08h00m.tif,LPS+IFNr,D5,8
500,VID654_D5_1_00d10h00m.tif,LPS+IFNr,D5,10
501,VID654_D5_1_00d12h00m.tif,LPS+IFNr,D5,12
502,VID654_D5_1_00d14h00m.tif,LPS+IFNr,D5,14
503,VID654_D5_1_00d16h00m.tif,LPS+IFNr,D5,16
504,VID654_D5_1_00d18h00m.tif,LPS+IFNr,D5,18
505,VID654_D5_1_00d20h00m.tif,LPS+IFNr,D5,20
506,VID654_D5_1_00d22h00m.tif,LPS+IFNr,D5,22
507,VID654_D5_1_01d00h00m.tif,LPS+IFNr,D5,24
508,VID654_D5_3_00d00h00m.tif,LPS+IFNr,D5,0
509,VID654_D5_3_00d02h00m.tif,LPS+IFNr,D5,2
510,VID654_D5_3_00d04h00m.tif,LPS+IFNr,D5,4
511,VID654_D5_3_00d06h00m.tif,LPS+IFNr,D5,6
512,VID654_D5_3_00d08h00m.tif,LPS+IFNr,D5,8
513,VID654_D5_3_00d10h00m.tif,LPS+IFNr,D5,10
514,VID654_D5_3_00d12h00m.tif,LPS+IFNr,D5,12
515,VID654_D5_3_00d14h00m.tif,LPS+IFNr,D5,14
516,VID654_D5_3_00d16h00m.tif,LPS+IFNr,D5,16
517,VID654_D5_3_00d18h00m.tif,LPS+IFNr,D5,18
518,VID654_D5_3_00d20h00m.tif,LPS+IFNr,D5,20
519,VID654_D5_3_00d22h00m.tif,LPS+IFNr,D5,22
520,VID654_D5_3_01d00h00m.tif,LPS+IFNr,D5,24
521,VID654_D6_1_00d00h00m.tif,IL34neg_IL1beta,D6,0
522,VID654_D6_1_00d02h00m.tif,IL34neg_IL1beta,D6,2
523,VID654_D6_1_00d04h00m.tif,IL34neg_IL1beta,D6,4
524,VID654_D6_1_00d06h00m.tif,IL34neg_IL1beta,D6,6
525,VID654_D6_1_00d08h00m.tif,IL34neg_IL1beta,D6,8
526,VID654_D6_1_00d10h00m.tif,IL34neg_IL1beta,D6,10
527,VID654_D6_1_00d12h00m.tif,IL34neg_IL1beta,D6,12
528,VID654_D6_1_00d14h00m.tif,IL34neg_IL1beta,D6,14
529,VID654_D6_1_00d16h00m.tif,IL34neg_IL1beta,D6,16
530,VID654_D6_1_00d18h00m.tif,IL34neg_IL1beta,D6,18
531,VID654_D6_1_00d20h00m.tif,IL34neg_IL1beta,D6,20
532,VID654_D6_1_00d22h00m.tif,IL34neg_IL1beta,D6,22
533,VID654_D6_1_01d00h00m.tif,IL34neg_IL1beta,D6,24
534,VID654_D6_3_00d00h00m.tif,IL34neg_IL1beta,D6,0
535,VID654_D6_3_00d02h00m.tif,IL34neg_IL1beta,D6,2
536,VID654_D6_3_00d04h00m.tif,IL34neg_IL1beta,D6,4
537,VID654_D6_3_00d06h00m.tif,IL34neg_IL1beta,D6,6
538,VID654_D6_3_00d08h00m.tif,IL34neg_IL1beta,D6,8
539,VID654_D6_3_00d10h00m.tif,IL34neg_IL1beta,D6,10
540,VID654_D6_3_00d12h00m.tif,IL34neg_IL1beta,D6,12
541,VID654_D6_3_00d14h00m.tif,IL34neg_IL1beta,D6,14
542,VID654_D6_3_00d16h00m.tif,IL34neg_IL1beta,D6,16
543,VID654_D6_3_00d18h00m.tif,IL34neg_IL1beta,D6,18
544,VID654_D6_3_00d20h00m.tif,IL34neg_IL1beta,D6,20
545,VID654_D6_3_00d22h00m.tif,IL34neg_IL1beta,D6,22
546,VID654_D6_3_01d00h00m.tif,IL34neg_IL1beta,D6,24
547,VID654_D7_1_00d00h00m.tif,IL6,D7,0
548,VID654_D7_1_00d02h00m.tif,IL6,D7,2
549,VID654_D7_1_00d04h00m.tif,IL6,D7,4
550,VID654_D7_1_00d06h00m.tif,IL6,D7,6
551,VID654_D7_1_00d08h00m.tif,IL6,D7,8
552,VID654_D7_1_00d10h00m.tif,IL6,D7,10
553,VID654_D7_1_00d12h00m.tif,IL6,D7,12
554,VID654_D7_1_00d14h00m.tif,IL6,D7,14
555,VID654_D7_1_00d16h00m.tif,IL6,D7,16
556,VID654_D7_1_00d18h00m.tif,IL6,D7,18
557,VID654_D7_1_00d20h00m.tif,IL6,D7,20
558,VID654_D7_1_00d22h00m.tif,IL6,D7,22
559,VID654_D7_1_01d00h00m.tif,IL6,D7,24
560,VID654_D7_3_00d00h00m.tif,IL6,D7,0
561,VID654_D7_3_00d02h00m.tif,IL6,D7,2
562,VID654_D7_3_00d04h00m.tif,IL6,D7,4
563,VID654_D7_3_00d06h00m.tif,IL6,D7,6
564,VID654_D7_3_00d08h00m.tif,IL6,D7,8
565,VID654_D7_3_00d10h00m.tif,IL6,D7,10
566,VID654_D7_3_00d12h00m.tif,IL6,D7,12
567,VID654_D7_3_00d14h00m.tif,IL6,D7,14
568,VID654_D7_3_00d16h00m.tif,IL6,D7,16
569,VID654_D7_3_00d18h00m.tif,IL6,D7,18
570,VID654_D7_3_00d20h00m.tif,IL6,D7,20
571,VID654_D7_3_00d22h00m.tif,IL6,D7,22
572,VID654_D7_3_01d00h00m.tif,IL6,D7,24
573,VID654_D8_1_00d00h00m.tif,IL34neg_TNFa,D8,0
574,VID654_D8_1_00d02h00m.tif,IL34neg_TNFa,D8,2
575,VID654_D8_1_00d04h00m.tif,IL34neg_TNFa,D8,4
576,VID654_D8_1_00d06h00m.tif,IL34neg_TNFa,D8,6
577,VID654_D8_1_00d08h00m.tif,IL34neg_TNFa,D8,8
578,VID654_D8_1_00d10h00m.tif,IL34neg_TNFa,D8,10
579,VID654_D8_1_00d12h00m.tif,IL34neg_TNFa,D8,12
580,VID654_D8_1_00d14h00m.tif,IL34neg_TNFa,D8,14
581,VID654_D8_1_00d16h00m.tif,IL34neg_TNFa,D8,16
582,VID654_D8_1_00d18h00m.tif,IL34neg_TNFa,D8,18
583,VID654_D8_1_00d20h00m.tif,IL34neg_TNFa,D8,20
584,VID654_D8_1_00d22h00m.tif,IL34neg_TNFa,D8,22
585,VID654_D8_1_01d00h00m.tif,IL34neg_TNFa,D8,24
586,VID654_D8_3_00d00h00m.tif,IL34neg_TNFa,D8,0
587,VID654_D8_3_00d02h00m.tif,IL34neg_TNFa,D8,2
588,VID654_D8_3_00d04h00m.tif,IL34neg_TNFa,D8,4
589,VID654_D8_3_00d06h00m.tif,IL34neg_TNFa,D8,6
590,VID654_D8_3_00d08h00m.tif,IL34neg_TNFa,D8,8
591,VID654_D8_3_00d10h00m.tif,IL34neg_TNFa,D8,10
592,VID654_D8_3_00d12h00m.tif,IL34neg_TNFa,D8,12
593,VID654_D8_3_00d14h00m.tif,IL34neg_TNFa,D8,14
594,VID654_D8_3_00d16h00m.tif,IL34neg_TNFa,D8,16
595,VID654_D8_3_00d18h00m.tif,IL34neg_TNFa,D8,18
596,VID654_D8_3_00d20h00m.tif,IL34neg_TNFa,D8,20
597,VID654_D8_3_00d22h00m.tif,IL34neg_TNFa,D8,22
598,VID654_D8_3_01d00h00m.tif,IL34neg_TNFa,D8,24
599,VID654_D9_1_00d00h00m.tif,,D9,0
600,VID654_D9_1_00d02h00m.tif,,D9,2
601,VID654_D9_1_00d04h00m.tif,,D9,4
602,VID654_D9_1_00d06h00m.tif,,D9,6
603,VID654_D9_1_00d08h00m.tif,,D9,8
604,VID654_D9_1_00d10h00m.tif,,D9,10
605,VID654_D9_1_00d12h00m.tif,,D9,12
606,VID654_D9_1_00d14h00m.tif,,D9,14
607,VID654_D9_1_00d16h00m.tif,,D9,16
608,VID654_D9_1_00d18h00m.tif,,D9,18
609,VID654_D9_1_00d20h00m.tif,,D9,20
610,VID654_D9_1_00d22h00m.tif,,D9,22
611,VID654_D9_1_01d00h00m.tif,,D9,24
612,VID654_D9_3_00d00h00m.tif,,D9,0
613,VID654_D9_3_00d02h00m.tif,,D9,2
614,VID654_D9_3_00d04h00m.tif,,D9,4
615,VID654_D9_3_00d06h00m.tif,,D9,6
616,VID654_D9_3_00d08h00m.tif,,D9,8
617,VID654_D9_3_00d10h00m.tif,,D9,10
618,VID654_D9_3_00d12h00m.tif,,D9,12
619,VID654_D9_3_00d14h00m.tif,,D9,14
620,VID654_D9_3_00d16h00m.tif,,D9,16
621,VID654_D9_3_00d18h00m.tif,,D9,18
622,VID654_D9_3_00d20h00m.tif,,D9,20
623,VID654_D9_3_00d22h00m.tif,,D9,22
624,VID654_D9_3_01d00h00m.tif,,D9,24
625,VID654_E2_1_00d00h00m.tif,IL34pos_Vehicle,E2,0
626,VID654_E2_1_00d02h00m.tif,IL34pos_Vehicle,E2,2
627,VID654_E2_1_00d04h00m.tif,IL34pos_Vehicle,E2,4
628,VID654_E2_1_00d06h00m.tif,IL34pos_Vehicle,E2,6
629,VID654_E2_1_00d08h00m.tif,IL34pos_Vehicle,E2,8
630,VID654_E2_1_00d10h00m.tif,IL34pos_Vehicle,E2,10
631,VID654_E2_1_00d12h00m.tif,IL34pos_Vehicle,E2,12
632,VID654_E2_1_00d14h00m.tif,IL34pos_Vehicle,E2,14
633,VID654_E2_1_00d16h00m.tif,IL34pos_Vehicle,E2,16
634,VID654_E2_1_00d18h00m.tif,IL34pos_Vehicle,E2,18
635,VID654_E2_1_00d20h00m.tif,IL34pos_Vehicle,E2,20
636,VID654_E2_1_00d22h00m.tif,IL34pos_Vehicle,E2,22
637,VID654_E2_1_01d00h00m.tif,IL34pos_Vehicle,E2,24
638,VID654_E2_3_00d00h00m.tif,IL34pos_Vehicle,E2,0
639,VID654_E2_3_00d02h00m.tif,IL34pos_Vehicle,E2,2
640,VID654_E2_3_00d04h00m.tif,IL34pos_Vehicle,E2,4
641,VID654_E2_3_00d06h00m.tif,IL34pos_Vehicle,E2,6
642,VID654_E2_3_00d08h00m.tif,IL34pos_Vehicle,E2,8
643,VID654_E2_3_00d10h00m.tif,IL34pos_Vehicle,E2,10
644,VID654_E2_3_00d12h00m.tif,IL34pos_Vehicle,E2,12
645,VID654_E2_3_00d14h00m.tif,IL34pos_Vehicle,E2,14
646,VID654_E2_3_00d16h00m.tif,IL34pos_Vehicle,E2,16
647,VID654_E2_3_00d18h00m.tif,IL34pos_Vehicle,E2,18
648,VID654_E2_3_00d20h00m.tif,IL34pos_Vehicle,E2,20
649,VID654_E2_3_00d22h00m.tif,IL34pos_Vehicle,E2,22
650,VID654_E2_3_01d00h00m.tif,IL34pos_Vehicle,E2,24
651,VID654_E3_1_00d00h00m.tif,LPS_IL34,E3,0
652,VID654_E3_1_00d02h00m.tif,LPS_IL34,E3,2
653,VID654_E3_1_00d04h00m.tif,LPS_IL34,E3,4
654,VID654_E3_1_00d06h00m.tif,LPS_IL34,E3,6
655,VID654_E3_1_00d08h00m.tif,LPS_IL34,E3,8
656,VID654_E3_1_00d10h00m.tif,LPS_IL34,E3,10
657,VID654_E3_1_00d12h00m.tif,LPS_IL34,E3,12
658,VID654_E3_1_00d14h00m.tif,LPS_IL34,E3,14
659,VID654_E3_1_00d16h00m.tif,LPS_IL34,E3,16
660,VID654_E3_1_00d18h00m.tif,LPS_IL34,E3,18
661,VID654_E3_1_00d20h00m.tif,LPS_IL34,E3,20
662,VID654_E3_1_00d22h00m.tif,LPS_IL34,E3,22
663,VID654_E3_1_01d00h00m.tif,LPS_IL34,E3,24
664,VID654_E3_3_00d00h00m.tif,LPS_IL34,E3,0
665,VID654_E3_3_00d02h00m.tif,LPS_IL34,E3,2
666,VID654_E3_3_00d04h00m.tif,LPS_IL34,E3,4
667,VID654_E3_3_00d06h00m.tif,LPS_IL34,E3,6
668,VID654_E3_3_00d08h00m.tif,LPS_IL34,E3,8
669,VID654_E3_3_00d10h00m.tif,LPS_IL34,E3,10
670,VID654_E3_3_00d12h00m.tif,LPS_IL34,E3,12
671,VID654_E3_3_00d14h00m.tif,LPS_IL34,E3,14
672,VID654_E3_3_00d16h00m.tif,LPS_IL34,E3,16
673,VID654_E3_3_00d18h00m.tif,LPS_IL34,E3,18
674,VID654_E3_3_00d20h00m.tif,LPS_IL34,E3,20
675,VID654_E3_3_00d22h00m.tif,LPS_IL34,E3,22
676,VID654_E3_3_01d00h00m.tif,LPS_IL34,E3,24
677,VID654_E4_1_00d00h00m.tif,IFNr_IL34,E4,0
678,VID654_E4_1_00d02h00m.tif,IFNr_IL34,E4,2
679,VID654_E4_1_00d04h00m.tif,IFNr_IL34,E4,4
680,VID654_E4_1_00d06h00m.tif,IFNr_IL34,E4,6
681,VID654_E4_1_00d08h00m.tif,IFNr_IL34,E4,8
682,VID654_E4_1_00d10h00m.tif,IFNr_IL34,E4,10
683,VID654_E4_1_00d12h00m.tif,IFNr_IL34,E4,12
684,VID654_E4_1_00d14h00m.tif,IFNr_IL34,E4,14
685,VID654_E4_1_00d16h00m.tif,IFNr_IL34,E4,16
686,VID654_E4_1_00d18h00m.tif,IFNr_IL34,E4,18
687,VID654_E4_1_00d20h00m.tif,IFNr_IL34,E4,20
688,VID654_E4_1_00d22h00m.tif,IFNr_IL34,E4,22
689,VID654_E4_1_01d00h00m.tif,IFNr_IL34,E4,24
690,VID654_E4_3_00d00h00m.tif,IFNr_IL34,E4,0
691,VID654_E4_3_00d02h00m.tif,IFNr_IL34,E4,2
692,VID654_E4_3_00d04h00m.tif,IFNr_IL34,E4,4
693,VID654_E4_3_00d06h00m.tif,IFNr_IL34,E4,6
694,VID654_E4_3_00d08h00m.tif,IFNr_IL34,E4,8
695,VID654_E4_3_00d10h00m.tif,IFNr_IL34,E4,10
696,VID654_E4_3_00d12h00m.tif,IFNr_IL34,E4,12
697,VID654_E4_3_00d14h00m.tif,IFNr_IL34,E4,14
698,VID654_E4_3_00d16h00m.tif,IFNr_IL34,E4,16
699,VID654_E4_3_00d18h00m.tif,IFNr_IL34,E4,18
700,VID654_E4_3_00d20h00m.tif,IFNr_IL34,E4,20
701,VID654_E4_3_00d22h00m.tif,IFNr_IL34,E4,22
702,VID654_E4_3_01d00h00m.tif,IFNr_IL34,E4,24
703,VID654_E5_1_00d00h00m.tif,LPS+IFNr_IL34,E5,0
704,VID654_E5_1_00d02h00m.tif,LPS+IFNr_IL34,E5,2
705,VID654_E5_1_00d04h00m.tif,LPS+IFNr_IL34,E5,4
706,VID654_E5_1_00d06h00m.tif,LPS+IFNr_IL34,E5,6
707,VID654_E5_1_00d08h00m.tif,LPS+IFNr_IL34,E5,8
708,VID654_E5_1_00d10h00m.tif,LPS+IFNr_IL34,E5,10
709,VID654_E5_1_00d12h00m.tif,LPS+IFNr_IL34,E5,12
710,VID654_E5_1_00d14h00m.tif,LPS+IFNr_IL34,E5,14
711,VID654_E5_1_00d16h00m.tif,LPS+IFNr_IL34,E5,16
712,VID654_E5_1_00d18h00m.tif,LPS+IFNr_IL34,E5,18
713,VID654_E5_1_00d20h00m.tif,LPS+IFNr_IL34,E5,20
714,VID654_E5_1_00d22h00m.tif,LPS+IFNr_IL34,E5,22
715,VID654_E5_1_01d00h00m.tif,LPS+IFNr_IL34,E5,24
716,VID654_E5_3_00d00h00m.tif,LPS+IFNr_IL34,E5,0
717,VID654_E5_3_00d02h00m.tif,LPS+IFNr_IL34,E5,2
718,VID654_E5_3_00d04h00m.tif,LPS+IFNr_IL34,E5,4
719,VID654_E5_3_00d06h00m.tif,LPS+IFNr_IL34,E5,6
720,VID654_E5_3_00d08h00m.tif,LPS+IFNr_IL34,E5,8
721,VID654_E5_3_00d10h00m.tif,LPS+IFNr_IL34,E5,10
722,VID654_E5_3_00d12h00m.tif,LPS+IFNr_IL34,E5,12
723,VID654_E5_3_00d14h00m.tif,LPS+IFNr_IL34,E5,14
724,VID654_E5_3_00d16h00m.tif,LPS+IFNr_IL34,E5,16
725,VID654_E5_3_00d18h00m.tif,LPS+IFNr_IL34,E5,18
726,VID654_E5_3_00d20h00m.tif,LPS+IFNr_IL34,E5,20
727,VID654_E5_3_00d22h00m.tif,LPS+IFNr_IL34,E5,22
728,VID654_E5_3_01d00h00m.tif,LPS+IFNr_IL34,E5,24
729,VID654_E6_1_00d00h00m.tif,IL34pos_IL1beta,E6,0
730,VID654_E6_1_00d02h00m.tif,IL34pos_IL1beta,E6,2
731,VID654_E6_1_00d04h00m.tif,IL34pos_IL1beta,E6,4
732,VID654_E6_1_00d06h00m.tif,IL34pos_IL1beta,E6,6
733,VID654_E6_1_00d08h00m.tif,IL34pos_IL1beta,E6,8
734,VID654_E6_1_00d10h00m.tif,IL34pos_IL1beta,E6,10
735,VID654_E6_1_00d12h00m.tif,IL34pos_IL1beta,E6,12
736,VID654_E6_1_00d14h00m.tif,IL34pos_IL1beta,E6,14
737,VID654_E6_1_00d16h00m.tif,IL34pos_IL1beta,E6,16
738,VID654_E6_1_00d18h00m.tif,IL34pos_IL1beta,E6,18
739,VID654_E6_1_00d20h00m.tif,IL34pos_IL1beta,E6,20
740,VID654_E6_1_00d22h00m.tif,IL34pos_IL1beta,E6,22
741,VID654_E6_1_01d00h00m.tif,IL34pos_IL1beta,E6,24
742,VID654_E6_3_00d00h00m.tif,IL34pos_IL1beta,E6,0
743,VID654_E6_3_00d02h00m.tif,IL34pos_IL1beta,E6,2
744,VID654_E6_3_00d04h00m.tif,IL34pos_IL1beta,E6,4
745,VID654_E6_3_00d06h00m.tif,IL34pos_IL1beta,E6,6
746,VID654_E6_3_00d08h00m.tif,IL34pos_IL1beta,E6,8
747,VID654_E6_3_00d10h00m.tif,IL34pos_IL1beta,E6,10
748,VID654_E6_3_00d12h00m.tif,IL34pos_IL1beta,E6,12
749,VID654_E6_3_00d14h00m.tif,IL34pos_IL1beta,E6,14
750,VID654_E6_3_00d16h00m.tif,IL34pos_IL1beta,E6,16
751,VID654_E6_3_00d18h00m.tif,IL34pos_IL1beta,E6,18
752,VID654_E6_3_00d20h00m.tif,IL34pos_IL1beta,E6,20
753,VID654_E6_3_00d22h00m.tif,IL34pos_IL1beta,E6,22
754,VID654_E6_3_01d00h00m.tif,IL34pos_IL1beta,E6,24
755,VID654_E7_1_00d00h00m.tif,IL6_IL34,E7,0
756,VID654_E7_1_00d02h00m.tif,IL6_IL34,E7,2
757,VID654_E7_1_00d04h00m.tif,IL6_IL34,E7,4
758,VID654_E7_1_00d06h00m.tif,IL6_IL34,E7,6
759,VID654_E7_1_00d08h00m.tif,IL6_IL34,E7,8
760,VID654_E7_1_00d10h00m.tif,IL6_IL34,E7,10
761,VID654_E7_1_00d12h00m.tif,IL6_IL34,E7,12
762,VID654_E7_1_00d14h00m.tif,IL6_IL34,E7,14
763,VID654_E7_1_00d16h00m.tif,IL6_IL34,E7,16
764,VID654_E7_1_00d18h00m.tif,IL6_IL34,E7,18
765,VID654_E7_1_00d20h00m.tif,IL6_IL34,E7,20
766,VID654_E7_1_00d22h00m.tif,IL6_IL34,E7,22
767,VID654_E7_1_01d00h00m.tif,IL6_IL34,E7,24
768,VID654_E7_3_00d00h00m.tif,IL6_IL34,E7,0
769,VID654_E7_3_00d02h00m.tif,IL6_IL34,E7,2
770,VID654_E7_3_00d04h00m.tif,IL6_IL34,E7,4
771,VID654_E7_3_00d06h00m.tif,IL6_IL34,E7,6
772,VID654_E7_3_00d08h00m.tif,IL6_IL34,E7,8
773,VID654_E7_3_00d10h00m.tif,IL6_IL34,E7,10
774,VID654_E7_3_00d12h00m.tif,IL6_IL34,E7,12
775,VID654_E7_3_00d14h00m.tif,IL6_IL34,E7,14
776,VID654_E7_3_00d16h00m.tif,IL6_IL34,E7,16
777,VID654_E7_3_00d18h00m.tif,IL6_IL34,E7,18
778,VID654_E7_3_00d20h00m.tif,IL6_IL34,E7,20
779,VID654_E7_3_00d22h00m.tif,IL6_IL34,E7,22
780,VID654_E7_3_01d00h00m.tif,IL6_IL34,E7,24
781,VID654_E8_1_00d00h00m.tif,IL34pos_TNFa,E8,0
782,VID654_E8_1_00d02h00m.tif,IL34pos_TNFa,E8,2
783,VID654_E8_1_00d04h00m.tif,IL34pos_TNFa,E8,4
784,VID654_E8_1_00d06h00m.tif,IL34pos_TNFa,E8,6
785,VID654_E8_1_00d08h00m.tif,IL34pos_TNFa,E8,8
786,VID654_E8_1_00d10h00m.tif,IL34pos_TNFa,E8,10
787,VID654_E8_1_00d12h00m.tif,IL34pos_TNFa,E8,12
788,VID654_E8_1_00d14h00m.tif,IL34pos_TNFa,E8,14
789,VID654_E8_1_00d16h00m.tif,IL34pos_TNFa,E8,16
790,VID654_E8_1_00d18h00m.tif,IL34pos_TNFa,E8,18
791,VID654_E8_1_00d20h00m.tif,IL34pos_TNFa,E8,20
792,VID654_E8_1_00d22h00m.tif,IL34pos_TNFa,E8,22
793,VID654_E8_1_01d00h00m.tif,IL34pos_TNFa,E8,24
794,VID654_E8_3_00d00h00m.tif,IL34pos_TNFa,E8,0
795,VID654_E8_3_00d02h00m.tif,IL34pos_TNFa,E8,2
796,VID654_E8_3_00d04h00m.tif,IL34pos_TNFa,E8,4
797,VID654_E8_3_00d06h00m.tif,IL34pos_TNFa,E8,6
798,VID654_E8_3_00d08h00m.tif,IL34pos_TNFa,E8,8
799,VID654_E8_3_00d10h00m.tif,IL34pos_TNFa,E8,10
800,VID654_E8_3_00d12h00m.tif,IL34pos_TNFa,E8,12
801,VID654_E8_3_00d14h00m.tif,IL34pos_TNFa,E8,14
802,VID654_E8_3_00d16h00m.tif,IL34pos_TNFa,E8,16
803,VID654_E8_3_00d18h00m.tif,IL34pos_TNFa,E8,18
804,VID654_E8_3_00d20h00m.tif,IL34pos_TNFa,E8,20
805,VID654_E8_3_00d22h00m.tif,IL34pos_TNFa,E8,22
806,VID654_E8_3_01d00h00m.tif,IL34pos_TNFa,E8,24
807,VID654_E9_1_00d00h00m.tif,,E9,0
808,VID654_E9_1_00d02h00m.tif,,E9,2
809,VID654_E9_1_00d04h00m.tif,,E9,4
810,VID654_E9_1_00d06h00m.tif,,E9,6
811,VID654_E9_1_00d08h00m.tif,,E9,8
812,VID654_E9_1_00d10h00m.tif,,E9,10
813,VID654_E9_1_00d12h00m.tif,,E9,12
814,VID654_E9_1_00d14h00m.tif,,E9,14
815,VID654_E9_1_00d16h00m.tif,,E9,16
816,VID654_E9_1_00d18h00m.tif,,E9,18
817,VID654_E9_1_00d20h00m.tif,,E9,20
818,VID654_E9_1_00d22h00m.tif,,E9,22
819,VID654_E9_1_01d00h00m.tif,,E9,24
820,VID654_E9_3_00d00h00m.tif,,E9,0
821,VID654_E9_3_00d02h00m.tif,,E9,2
822,VID654_E9_3_00d04h00m.tif,,E9,4
823,VID654_E9_3_00d06h00m.tif,,E9,6
824,VID654_E9_3_00d08h00m.tif,,E9,8
825,VID654_E9_3_00d10h00m.tif,,E9,10
826,VID654_E9_3_00d12h00m.tif,,E9,12
827,VID654_E9_3_00d14h00m.tif,,E9,14
828,VID654_E9_3_00d16h00m.tif,,E9,16
829,VID654_E9_3_00d18h00m.tif,,E9,18
830,VID654_E9_3_00d20h00m.tif,,E9,20
831,VID654_E9_3_00d22h00m.tif,,E9,22
832,VID654_E9_3_01d00h00m.tif,,E9,24
833,VID654_F2_1_00d00h00m.tif,IL34pos_Vehicle,F2,0
834,VID654_F2_1_00d02h00m.tif,IL34pos_Vehicle,F2,2
835,VID654_F2_1_00d04h00m.tif,IL34pos_Vehicle,F2,4
836,VID654_F2_1_00d06h00m.tif,IL34pos_Vehicle,F2,6
837,VID654_F2_1_00d08h00m.tif,IL34pos_Vehicle,F2,8
838,VID654_F2_1_00d10h00m.tif,IL34pos_Vehicle,F2,10
839,VID654_F2_1_00d12h00m.tif,IL34pos_Vehicle,F2,12
840,VID654_F2_1_00d14h00m.tif,IL34pos_Vehicle,F2,14
841,VID654_F2_1_00d16h00m.tif,IL34pos_Vehicle,F2,16
842,VID654_F2_1_00d18h00m.tif,IL34pos_Vehicle,F2,18
843,VID654_F2_1_00d20h00m.tif,IL34pos_Vehicle,F2,20
844,VID654_F2_1_00d22h00m.tif,IL34pos_Vehicle,F2,22
845,VID654_F2_1_01d00h00m.tif,IL34pos_Vehicle,F2,24
846,VID654_F2_3_00d00h00m.tif,IL34pos_Vehicle,F2,0
847,VID654_F2_3_00d02h00m.tif,IL34pos_Vehicle,F2,2
848,VID654_F2_3_00d04h00m.tif,IL34pos_Vehicle,F2,4
849,VID654_F2_3_00d06h00m.tif,IL34pos_Vehicle,F2,6
850,VID654_F2_3_00d08h00m.tif,IL34pos_Vehicle,F2,8
851,VID654_F2_3_00d10h00m.tif,IL34pos_Vehicle,F2,10
852,VID654_F2_3_00d12h00m.tif,IL34pos_Vehicle,F2,12
853,VID654_F2_3_00d14h00m.tif,IL34pos_Vehicle,F2,14
854,VID654_F2_3_00d16h00m.tif,IL34pos_Vehicle,F2,16
855,VID654_F2_3_00d18h00m.tif,IL34pos_Vehicle,F2,18
856,VID654_F2_3_00d20h00m.tif,IL34pos_Vehicle,F2,20
857,VID654_F2_3_00d22h00m.tif,IL34pos_Vehicle,F2,22
858,VID654_F2_3_01d00h00m.tif,IL34pos_Vehicle,F2,24
859,VID654_F3_1_00d00h00m.tif,LPS_IL34,F3,0
860,VID654_F3_1_00d02h00m.tif,LPS_IL34,F3,2
861,VID654_F3_1_00d04h00m.tif,LPS_IL34,F3,4
862,VID654_F3_1_00d06h00m.tif,LPS_IL34,F3,6
863,VID654_F3_1_00d08h00m.tif,LPS_IL34,F3,8
864,VID654_F3_1_00d10h00m.tif,LPS_IL34,F3,10
865,VID654_F3_1_00d12h00m.tif,LPS_IL34,F3,12
866,VID654_F3_1_00d14h00m.tif,LPS_IL34,F3,14
867,VID654_F3_1_00d16h00m.tif,LPS_IL34,F3,16
868,VID654_F3_1_00d18h00m.tif,LPS_IL34,F3,18
869,VID654_F3_1_00d20h00m.tif,LPS_IL34,F3,20
870,VID654_F3_1_00d22h00m.tif,LPS_IL34,F3,22
871,VID654_F3_1_01d00h00m.tif,LPS_IL34,F3,24
872,VID654_F3_3_00d00h00m.tif,LPS_IL34,F3,0
873,VID654_F3_3_00d02h00m.tif,LPS_IL34,F3,2
874,VID654_F3_3_00d04h00m.tif,LPS_IL34,F3,4
875,VID654_F3_3_00d06h00m.tif,LPS_IL34,F3,6
876,VID654_F3_3_00d08h00m.tif,LPS_IL34,F3,8
877,VID654_F3_3_00d10h00m.tif,LPS_IL34,F3,10
878,VID654_F3_3_00d12h00m.tif,LPS_IL34,F3,12
879,VID654_F3_3_00d14h00m.tif,LPS_IL34,F3,14
880,VID654_F3_3_00d16h00m.tif,LPS_IL34,F3,16
881,VID654_F3_3_00d18h00m.tif,LPS_IL34,F3,18
882,VID654_F3_3_00d20h00m.tif,LPS_IL34,F3,20
883,VID654_F3_3_00d22h00m.tif,LPS_IL34,F3,22
884,VID654_F3_3_01d00h00m.tif,LPS_IL34,F3,24
885,VID654_F4_1_00d00h00m.tif,IFNr_IL34,F4,0
886,VID654_F4_1_00d02h00m.tif,IFNr_IL34,F4,2
887,VID654_F4_1_00d04h00m.tif,IFNr_IL34,F4,4
888,VID654_F4_1_00d06h00m.tif,IFNr_IL34,F4,6
889,VID654_F4_1_00d08h00m.tif,IFNr_IL34,F4,8
890,VID654_F4_1_00d10h00m.tif,IFNr_IL34,F4,10
891,VID654_F4_1_00d12h00m.tif,IFNr_IL34,F4,12
892,VID654_F4_1_00d14h00m.tif,IFNr_IL34,F4,14
893,VID654_F4_1_00d16h00m.tif,IFNr_IL34,F4,16
894,VID654_F4_1_00d18h00m.tif,IFNr_IL34,F4,18
895,VID654_F4_1_00d20h00m.tif,IFNr_IL34,F4,20
896,VID654_F4_1_00d22h00m.tif,IFNr_IL34,F4,22
897,VID654_F4_1_01d00h00m.tif,IFNr_IL34,F4,24
898,VID654_F4_3_00d00h00m.tif,IFNr_IL34,F4,0
899,VID654_F4_3_00d02h00m.tif,IFNr_IL34,F4,2
900,VID654_F4_3_00d04h00m.tif,IFNr_IL34,F4,4
901,VID654_F4_3_00d06h00m.tif,IFNr_IL34,F4,6
902,VID654_F4_3_00d08h00m.tif,IFNr_IL34,F4,8
903,VID654_F4_3_00d10h00m.tif,IFNr_IL34,F4,10
904,VID654_F4_3_00d12h00m.tif,IFNr_IL34,F4,12
905,VID654_F4_3_00d14h00m.tif,IFNr_IL34,F4,14
906,VID654_F4_3_00d16h00m.tif,IFNr_IL34,F4,16
907,VID654_F4_3_00d18h00m.tif,IFNr_IL34,F4,18
908,VID654_F4_3_00d20h00m.tif,IFNr_IL34,F4,20
909,VID654_F4_3_00d22h00m.tif,IFNr_IL34,F4,22
910,VID654_F4_3_01d00h00m.tif,IFNr_IL34,F4,24
911,VID654_F5_1_00d00h00m.tif,LPS+IFNr_IL34,F5,0
912,VID654_F5_1_00d02h00m.tif,LPS+IFNr_IL34,F5,2
913,VID654_F5_1_00d04h00m.tif,LPS+IFNr_IL34,F5,4
914,VID654_F5_1_00d06h00m.tif,LPS+IFNr_IL34,F5,6
915,VID654_F5_1_00d08h00m.tif,LPS+IFNr_IL34,F5,8
916,VID654_F5_1_00d10h00m.tif,LPS+IFNr_IL34,F5,10
917,VID654_F5_1_00d12h00m.tif,LPS+IFNr_IL34,F5,12
918,VID654_F5_1_00d14h00m.tif,LPS+IFNr_IL34,F5,14
919,VID654_F5_1_00d16h00m.tif,LPS+IFNr_IL34,F5,16
920,VID654_F5_1_00d18h00m.tif,LPS+IFNr_IL34,F5,18
921,VID654_F5_1_00d20h00m.tif,LPS+IFNr_IL34,F5,20
922,VID654_F5_1_00d22h00m.tif,LPS+IFNr_IL34,F5,22
923,VID654_F5_1_01d00h00m.tif,LPS+IFNr_IL34,F5,24
924,VID654_F5_3_00d00h00m.tif,LPS+IFNr_IL34,F5,0
925,VID654_F5_3_00d02h00m.tif,LPS+IFNr_IL34,F5,2
926,VID654_F5_3_00d04h00m.tif,LPS+IFNr_IL34,F5,4
927,VID654_F5_3_00d06h00m.tif,LPS+IFNr_IL34,F5,6
928,VID654_F5_3_00d08h00m.tif,LPS+IFNr_IL34,F5,8
929,VID654_F5_3_00d10h00m.tif,LPS+IFNr_IL34,F5,10
930,VID654_F5_3_00d12h00m.tif,LPS+IFNr_IL34,F5,12
931,VID654_F5_3_00d14h00m.tif,LPS+IFNr_IL34,F5,14
932,VID654_F5_3_00d16h00m.tif,LPS+IFNr_IL34,F5,16
933,VID654_F5_3_00d18h00m.tif,LPS+IFNr_IL34,F5,18
934,VID654_F5_3_00d20h00m.tif,LPS+IFNr_IL34,F5,20
935,VID654_F5_3_00d22h00m.tif,LPS+IFNr_IL34,F5,22
936,VID654_F5_3_01d00h00m.tif,LPS+IFNr_IL34,F5,24
937,VID654_F6_1_00d00h00m.tif,IL34pos_IL1beta,F6,0
938,VID654_F6_1_00d02h00m.tif,IL34pos_IL1beta,F6,2
939,VID654_F6_1_00d04h00m.tif,IL34pos_IL1beta,F6,4
940,VID654_F6_1_00d06h00m.tif,IL34pos_IL1beta,F6,6
941,VID654_F6_1_00d08h00m.tif,IL34pos_IL1beta,F6,8
942,VID654_F6_1_00d10h00m.tif,IL34pos_IL1beta,F6,10
943,VID654_F6_1_00d12h00m.tif,IL34pos_IL1beta,F6,12
944,VID654_F6_1_00d14h00m.tif,IL34pos_IL1beta,F6,14
945,VID654_F6_1_00d16h00m.tif,IL34pos_IL1beta,F6,16
946,VID654_F6_1_00d18h00m.tif,IL34pos_IL1beta,F6,18
947,VID654_F6_1_00d20h00m.tif,IL34pos_IL1beta,F6,20
948,VID654_F6_1_00d22h00m.tif,IL34pos_IL1beta,F6,22
949,VID654_F6_1_01d00h00m.tif,IL34pos_IL1beta,F6,24
950,VID654_F6_3_00d00h00m.tif,IL34pos_IL1beta,F6,0
951,VID654_F6_3_00d02h00m.tif,IL34pos_IL1beta,F6,2
952,VID654_F6_3_00d04h00m.tif,IL34pos_IL1beta,F6,4
953,VID654_F6_3_00d06h00m.tif,IL34pos_IL1beta,F6,6
954,VID654_F6_3_00d08h00m.tif,IL34pos_IL1beta,F6,8
955,VID654_F6_3_00d10h00m.tif,IL34pos_IL1beta,F6,10
956,VID654_F6_3_00d12h00m.tif,IL34pos_IL1beta,F6,12
957,VID654_F6_3_00d14h00m.tif,IL34pos_IL1beta,F6,14
958,VID654_F6_3_00d16h00m.tif,IL34pos_IL1beta,F6,16
959,VID654_F6_3_00d18h00m.tif,IL34pos_IL1beta,F6,18
960,VID654_F6_3_00d20h00m.tif,IL34pos_IL1beta,F6,20
961,VID654_F6_3_00d22h00m.tif,IL34pos_IL1beta,F6,22
962,VID654_F6_3_01d00h00m.tif,IL34pos_IL1beta,F6,24
963,VID654_F7_1_00d00h00m.tif,IL6_IL34,F7,0
964,VID654_F7_1_00d02h00m.tif,IL6_IL34,F7,2
965,VID654_F7_1_00d04h00m.tif,IL6_IL34,F7,4
966,VID654_F7_1_00d06h00m.tif,IL6_IL34,F7,6
967,VID654_F7_1_00d08h00m.tif,IL6_IL34,F7,8
968,VID654_F7_1_00d10h00m.tif,IL6_IL34,F7,10
969,VID654_F7_1_00d12h00m.tif,IL6_IL34,F7,12
970,VID654_F7_1_00d14h00m.tif,IL6_IL34,F7,14
971,VID654_F7_1_00d16h00m.tif,IL6_IL34,F7,16
972,VID654_F7_1_00d18h00m.tif,IL6_IL34,F7,18
973,VID654_F7_1_00d20h00m.tif,IL6_IL34,F7,20
974,VID654_F7_1_00d22h00m.tif,IL6_IL34,F7,22
975,VID654_F7_1_01d00h00m.tif,IL6_IL34,F7,24
976,VID654_F7_3_00d00h00m.tif,IL6_IL34,F7,0
977,VID654_F7_3_00d02h00m.tif,IL6_IL34,F7,2
978,VID654_F7_3_00d04h00m.tif,IL6_IL34,F7,4
979,VID654_F7_3_00d06h00m.tif,IL6_IL34,F7,6
980,VID654_F7_3_00d08h00m.tif,IL6_IL34,F7,8
981,VID654_F7_3_00d10h00m.tif,IL6_IL34,F7,10
982,VID654_F7_3_00d12h00m.tif,IL6_IL34,F7,12
983,VID654_F7_3_00d14h00m.tif,IL6_IL34,F7,14
984,VID654_F7_3_00d16h00m.tif,IL6_IL34,F7,16
985,VID654_F7_3_00d18h00m.tif,IL6_IL34,F7,18
986,VID654_F7_3_00d20h00m.tif,IL6_IL34,F7,20
987,VID654_F7_3_00d22h00m.tif,IL6_IL34,F7,22
988,VID654_F7_3_01d00h00m.tif,IL6_IL34,F7,24
989,VID654_F8_1_00d00h00m.tif,IL34pos_TNFa,F8,0
990,VID654_F8_1_00d02h00m.tif,IL34pos_TNFa,F8,2
991,VID654_F8_1_00d04h00m.tif,IL34pos_TNFa,F8,4
992,VID654_F8_1_00d06h00m.tif,IL34pos_TNFa,F8,6
993,VID654_F8_1_00d08h00m.tif,IL34pos_TNFa,F8,8
994,VID654_F8_1_00d10h00m.tif,IL34pos_TNFa,F8,10
995,VID654_F8_1_00d12h00m.tif,IL34pos_TNFa,F8,12
996,VID654_F8_1_00d14h00m.tif,IL34pos_TNFa,F8,14
997,VID654_F8_1_00d16h00m.tif,IL34pos_TNFa,F8,16
998,VID654_F8_1_00d18h00m.tif,IL34pos_TNFa,F8,18
999,VID654_F8_1_00d20h00m.tif,IL34pos_TNFa,F8,20
1000,VID654_F8_1_00d22h00m.tif,IL34pos_TNFa,F8,22
1001,VID654_F8_1_01d00h00m.tif,IL34pos_TNFa,F8,24
1002,VID654_F8_3_00d00h00m.tif,IL34pos_TNFa,F8,0
1003,VID654_F8_3_00d02h00m.tif,IL34pos_TNFa,F8,2
1004,VID654_F8_3_00d04h00m.tif,IL34pos_TNFa,F8,4
1005,VID654_F8_3_00d06h00m.tif,IL34pos_TNFa,F8,6
1006,VID654_F8_3_00d08h00m.tif,IL34pos_TNFa,F8,8
1007,VID654_F8_3_00d10h00m.tif,IL34pos_TNFa,F8,10
1008,VID654_F8_3_00d12h00m.tif,IL34pos_TNFa,F8,12
1009,VID654_F8_3_00d14h00m.tif,IL34pos_TNFa,F8,14
1010,VID654_F8_3_00d16h00m.tif,IL34pos_TNFa,F8,16
1011,VID654_F8_3_00d18h00m.tif,IL34pos_TNFa,F8,18
1012,VID654_F8_3_00d20h00m.tif,IL34pos_TNFa,F8,20
1013,VID654_F8_3_00d22h00m.tif,IL34pos_TNFa,F8,22
1014,VID654_F8_3_01d00h00m.tif,IL34pos_TNFa,F8,24
1015,VID654_F9_1_00d00h00m.tif,,F9,0
1016,VID654_F9_1_00d02h00m.tif,,F9,2
1017,VID654_F9_1_00d04h00m.tif,,F9,4
1018,VID654_F9_1_00d06h00m.tif,,F9,6
1019,VID654_F9_1_00d08h00m.tif,,F9,8
1020,VID654_F9_1_00d10h00m.tif,,F9,10
1021,VID654_F9_1_00d12h00m.tif,,F9,12
1022,VID654_F9_1_00d14h00m.tif,,F9,14
1023,VID654_F9_1_00d16h00m.tif,,F9,16
1024,VID654_F9_1_00d18h00m.tif,,F9,18
1025,VID654_F9_1_00d20h00m.tif,,F9,20
1026,VID654_F9_1_00d22h00m.tif,,F9,22
1027,VID654_F9_1_01d00h00m.tif,,F9,24
1028,VID654_F9_3_00d00h00m.tif,,F9,0
1029,VID654_F9_3_00d02h00m.tif,,F9,2
1030,VID654_F9_3_00d04h00m.tif,,F9,4
1031,VID654_F9_3_00d06h00m.tif,,F9,6
1032,VID654_F9_3_00d08h00m.tif,,F9,8
1033,VID654_F9_3_00d10h00m.tif,,F9,10
1034,VID654_F9_3_00d12h00m.tif,,F9,12
1035,VID654_F9_3_00d14h00m.tif,,F9,14
1036,VID654_F9_3_00d16h00m.tif,,F9,16
1037,VID654_F9_3_00d18h00m.tif,,F9,18
1038,VID654_F9_3_00d20h00m.tif,,F9,20
1039,VID654_F9_3_00d22h00m.tif,,F9,22
1040,VID654_F9_3_01d00h00m.tif,,F9,24
1041,VID654_G2_1_00d00h00m.tif,IL34pos_Vehicle,G2,0
1042,VID654_G2_1_00d02h00m.tif,IL34pos_Vehicle,G2,2
1043,VID654_G2_1_00d04h00m.tif,IL34pos_Vehicle,G2,4
1044,VID654_G2_1_00d06h00m.tif,IL34pos_Vehicle,G2,6
1045,VID654_G2_1_00d08h00m.tif,IL34pos_Vehicle,G2,8
1046,VID654_G2_1_00d10h00m.tif,IL34pos_Vehicle,G2,10
1047,VID654_G2_1_00d12h00m.tif,IL34pos_Vehicle,G2,12
1048,VID654_G2_1_00d14h00m.tif,IL34pos_Vehicle,G2,14
1049,VID654_G2_1_00d16h00m.tif,IL34pos_Vehicle,G2,16
1050,VID654_G2_1_00d18h00m.tif,IL34pos_Vehicle,G2,18
1051,VID654_G2_1_00d20h00m.tif,IL34pos_Vehicle,G2,20
1052,VID654_G2_1_00d22h00m.tif,IL34pos_Vehicle,G2,22
1053,VID654_G2_1_01d00h00m.tif,IL34pos_Vehicle,G2,24
1054,VID654_G2_3_00d00h00m.tif,IL34pos_Vehicle,G2,0
1055,VID654_G2_3_00d02h00m.tif,IL34pos_Vehicle,G2,2
1056,VID654_G2_3_00d04h00m.tif,IL34pos_Vehicle,G2,4
1057,VID654_G2_3_00d06h00m.tif,IL34pos_Vehicle,G2,6
1058,VID654_G2_3_00d08h00m.tif,IL34pos_Vehicle,G2,8
1059,VID654_G2_3_00d10h00m.tif,IL34pos_Vehicle,G2,10
1060,VID654_G2_3_00d12h00m.tif,IL34pos_Vehicle,G2,12
1061,VID654_G2_3_00d14h00m.tif,IL34pos_Vehicle,G2,14
1062,VID654_G2_3_00d16h00m.tif,IL34pos_Vehicle,G2,16
1063,VID654_G2_3_00d18h00m.tif,IL34pos_Vehicle,G2,18
1064,VID654_G2_3_00d20h00m.tif,IL34pos_Vehicle,G2,20
1065,VID654_G2_3_00d22h00m.tif,IL34pos_Vehicle,G2,22
1066,VID654_G2_3_01d00h00m.tif,IL34pos_Vehicle,G2,24
1067,VID654_G3_1_00d00h00m.tif,LPS_IL34,G3,0
1068,VID654_G3_1_00d02h00m.tif,LPS_IL34,G3,2
1069,VID654_G3_1_00d04h00m.tif,LPS_IL34,G3,4
1070,VID654_G3_1_00d06h00m.tif,LPS_IL34,G3,6
1071,VID654_G3_1_00d08h00m.tif,LPS_IL34,G3,8
1072,VID654_G3_1_00d10h00m.tif,LPS_IL34,G3,10
1073,VID654_G3_1_00d12h00m.tif,LPS_IL34,G3,12
1074,VID654_G3_1_00d14h00m.tif,LPS_IL34,G3,14
1075,VID654_G3_1_00d16h00m.tif,LPS_IL34,G3,16
1076,VID654_G3_1_00d18h00m.tif,LPS_IL34,G3,18
1077,VID654_G3_1_00d20h00m.tif,LPS_IL34,G3,20
1078,VID654_G3_1_00d22h00m.tif,LPS_IL34,G3,22
1079,VID654_G3_1_01d00h00m.tif,LPS_IL34,G3,24
1080,VID654_G3_3_00d00h00m.tif,LPS_IL34,G3,0
1081,VID654_G3_3_00d02h00m.tif,LPS_IL34,G3,2
1082,VID654_G3_3_00d04h00m.tif,LPS_IL34,G3,4
1083,VID654_G3_3_00d06h00m.tif,LPS_IL34,G3,6
1084,VID654_G3_3_00d08h00m.tif,LPS_IL34,G3,8
1085,VID654_G3_3_00d10h00m.tif,LPS_IL34,G3,10
1086,VID654_G3_3_00d12h00m.tif,LPS_IL34,G3,12
1087,VID654_G3_3_00d14h00m.tif,LPS_IL34,G3,14
1088,VID654_G3_3_00d16h00m.tif,LPS_IL34,G3,16
1089,VID654_G3_3_00d18h00m.tif,LPS_IL34,G3,18
1090,VID654_G3_3_00d20h00m.tif,LPS_IL34,G3,20
1091,VID654_G3_3_00d22h00m.tif,LPS_IL34,G3,22
1092,VID654_G3_3_01d00h00m.tif,LPS_IL34,G3,24
1093,VID654_G4_1_00d00h00m.tif,IFNr_IL34,G4,0
1094,VID654_G4_1_00d02h00m.tif,IFNr_IL34,G4,2
1095,VID654_G4_1_00d04h00m.tif,IFNr_IL34,G4,4
1096,VID654_G4_1_00d06h00m.tif,IFNr_IL34,G4,6
1097,VID654_G4_1_00d08h00m.tif,IFNr_IL34,G4,8
1098,VID654_G4_1_00d10h00m.tif,IFNr_IL34,G4,10
1099,VID654_G4_1_00d12h00m.tif,IFNr_IL34,G4,12
1100,VID654_G4_1_00d14h00m.tif,IFNr_IL34,G4,14
1101,VID654_G4_1_00d16h00m.tif,IFNr_IL34,G4,16
1102,VID654_G4_1_00d18h00m.tif,IFNr_IL34,G4,18
1103,VID654_G4_1_00d20h00m.tif,IFNr_IL34,G4,20
1104,VID654_G4_1_00d22h00m.tif,IFNr_IL34,G4,22
1105,VID654_G4_1_01d00h00m.tif,IFNr_IL34,G4,24
1106,VID654_G4_3_00d00h00m.tif,IFNr_IL34,G4,0
1107,VID654_G4_3_00d02h00m.tif,IFNr_IL34,G4,2
1108,VID654_G4_3_00d04h00m.tif,IFNr_IL34,G4,4
1109,VID654_G4_3_00d06h00m.tif,IFNr_IL34,G4,6
1110,VID654_G4_3_00d08h00m.tif,IFNr_IL34,G4,8
1111,VID654_G4_3_00d10h00m.tif,IFNr_IL34,G4,10
1112,VID654_G4_3_00d12h00m.tif,IFNr_IL34,G4,12
1113,VID654_G4_3_00d14h00m.tif,IFNr_IL34,G4,14
1114,VID654_G4_3_00d16h00m.tif,IFNr_IL34,G4,16
1115,VID654_G4_3_00d18h00m.tif,IFNr_IL34,G4,18
1116,VID654_G4_3_00d20h00m.tif,IFNr_IL34,G4,20
1117,VID654_G4_3_00d22h00m.tif,IFNr_IL34,G4,22
1118,VID654_G4_3_01d00h00m.tif,IFNr_IL34,G4,24
1119,VID654_G5_1_00d00h00m.tif,LPS+IFNr_IL34,G5,0
1120,VID654_G5_1_00d02h00m.tif,LPS+IFNr_IL34,G5,2
1121,VID654_G5_1_00d04h00m.tif,LPS+IFNr_IL34,G5,4
1122,VID654_G5_1_00d06h00m.tif,LPS+IFNr_IL34,G5,6
1123,VID654_G5_1_00d08h00m.tif,LPS+IFNr_IL34,G5,8
1124,VID654_G5_1_00d10h00m.tif,LPS+IFNr_IL34,G5,10
1125,VID654_G5_1_00d12h00m.tif,LPS+IFNr_IL34,G5,12
1126,VID654_G5_1_00d14h00m.tif,LPS+IFNr_IL34,G5,14
1127,VID654_G5_1_00d16h00m.tif,LPS+IFNr_IL34,G5,16
1128,VID654_G5_1_00d18h00m.tif,LPS+IFNr_IL34,G5,18
1129,VID654_G5_1_00d20h00m.tif,LPS+IFNr_IL34,G5,20
1130,VID654_G5_1_00d22h00m.tif,LPS+IFNr_IL34,G5,22
1131,VID654_G5_1_01d00h00m.tif,LPS+IFNr_IL34,G5,24
1132,VID654_G5_3_00d00h00m.tif,LPS+IFNr_IL34,G5,0
1133,VID654_G5_3_00d02h00m.tif,LPS+IFNr_IL34,G5,2
1134,VID654_G5_3_00d04h00m.tif,LPS+IFNr_IL34,G5,4
1135,VID654_G5_3_00d06h00m.tif,LPS+IFNr_IL34,G5,6
1136,VID654_G5_3_00d08h00m.tif,LPS+IFNr_IL34,G5,8
1137,VID654_G5_3_00d10h00m.tif,LPS+IFNr_IL34,G5,10
1138,VID654_G5_3_00d12h00m.tif,LPS+IFNr_IL34,G5,12
1139,VID654_G5_3_00d14h00m.tif,LPS+IFNr_IL34,G5,14
1140,VID654_G5_3_00d16h00m.tif,LPS+IFNr_IL34,G5,16
1141,VID654_G5_3_00d18h00m.tif,LPS+IFNr_IL34,G5,18
1142,VID654_G5_3_00d20h00m.tif,LPS+IFNr_IL34,G5,20
1143,VID654_G5_3_00d22h00m.tif,LPS+IFNr_IL34,G5,22
1144,VID654_G5_3_01d00h00m.tif,LPS+IFNr_IL34,G5,24
1145,VID654_G6_1_00d00h00m.tif,IL34pos_IL1beta,G6,0
1146,VID654_G6_1_00d02h00m.tif,IL34pos_IL1beta,G6,2
1147,VID654_G6_1_00d04h00m.tif,IL34pos_IL1beta,G6,4
1148,VID654_G6_1_00d06h00m.tif,IL34pos_IL1beta,G6,6
1149,VID654_G6_1_00d08h00m.tif,IL34pos_IL1beta,G6,8
1150,VID654_G6_1_00d10h00m.tif,IL34pos_IL1beta,G6,10
1151,VID654_G6_1_00d12h00m.tif,IL34pos_IL1beta,G6,12
1152,VID654_G6_1_00d14h00m.tif,IL34pos_IL1beta,G6,14
1153,VID654_G6_1_00d16h00m.tif,IL34pos_IL1beta,G6,16
1154,VID654_G6_1_00d18h00m.tif,IL34pos_IL1beta,G6,18
1155,VID654_G6_1_00d20h00m.tif,IL34pos_IL1beta,G6,20
1156,VID654_G6_1_00d22h00m.tif,IL34pos_IL1beta,G6,22
1157,VID654_G6_1_01d00h00m.tif,IL34pos_IL1beta,G6,24
1158,VID654_G6_3_00d00h00m.tif,IL34pos_IL1beta,G6,0
1159,VID654_G6_3_00d02h00m.tif,IL34pos_IL1beta,G6,2
1160,VID654_G6_3_00d04h00m.tif,IL34pos_IL1beta,G6,4
1161,VID654_G6_3_00d06h00m.tif,IL34pos_IL1beta,G6,6
1162,VID654_G6_3_00d08h00m.tif,IL34pos_IL1beta,G6,8
1163,VID654_G6_3_00d10h00m.tif,IL34pos_IL1beta,G6,10
1164,VID654_G6_3_00d12h00m.tif,IL34pos_IL1beta,G6,12
1165,VID654_G6_3_00d14h00m.tif,IL34pos_IL1beta,G6,14
1166,VID654_G6_3_00d16h00m.tif,IL34pos_IL1beta,G6,16
1167,VID654_G6_3_00d18h00m.tif,IL34pos_IL1beta,G6,18
1168,VID654_G6_3_00d20h00m.tif,IL34pos_IL1beta,G6,20
1169,VID654_G6_3_00d22h00m.tif,IL34pos_IL1beta,G6,22
1170,VID654_G6_3_01d00h00m.tif,IL34pos_IL1beta,G6,24
1171,VID654_G7_1_00d00h00m.tif,IL6_IL34,G7,0
1172,VID654_G7_1_00d02h00m.tif,IL6_IL34,G7,2
1173,VID654_G7_1_00d04h00m.tif,IL6_IL34,G7,4
1174,VID654_G7_1_00d06h00m.tif,IL6_IL34,G7,6
1175,VID654_G7_1_00d08h00m.tif,IL6_IL34,G7,8
1176,VID654_G7_1_00d10h00m.tif,IL6_IL34,G7,10
1177,VID654_G7_1_00d12h00m.tif,IL6_IL34,G7,12
1178,VID654_G7_1_00d14h00m.tif,IL6_IL34,G7,14
1179,VID654_G7_1_00d16h00m.tif,IL6_IL34,G7,16
1180,VID654_G7_1_00d18h00m.tif,IL6_IL34,G7,18
1181,VID654_G7_1_00d20h00m.tif,IL6_IL34,G7,20
1182,VID654_G7_1_00d22h00m.tif,IL6_IL34,G7,22
1183,VID654_G7_1_01d00h00m.tif,IL6_IL34,G7,24
1184,VID654_G7_3_00d00h00m.tif,IL6_IL34,G7,0
1185,VID654_G7_3_00d02h00m.tif,IL6_IL34,G7,2
1186,VID654_G7_3_00d04h00m.tif,IL6_IL34,G7,4
1187,VID654_G7_3_00d06h00m.tif,IL6_IL34,G7,6
1188,VID654_G7_3_00d08h00m.tif,IL6_IL34,G7,8
1189,VID654_G7_3_00d10h00m.tif,IL6_IL34,G7,10
1190,VID654_G7_3_00d12h00m.tif,IL6_IL34,G7,12
1191,VID654_G7_3_00d14h00m.tif,IL6_IL34,G7,14
1192,VID654_G7_3_00d16h00m.tif,IL6_IL34,G7,16
1193,VID654_G7_3_00d18h00m.tif,IL6_IL34,G7,18
1194,VID654_G7_3_00d20h00m.tif,IL6_IL34,G7,20
1195,VID654_G7_3_00d22h00m.tif,IL6_IL34,G7,22
1196,VID654_G7_3_01d00h00m.tif,IL6_IL34,G7,24
1197,VID654_G8_1_00d00h00m.tif,IL34pos_TNFa,G8,0
1198,VID654_G8_1_00d02h00m.tif,IL34pos_TNFa,G8,2
1199,VID654_G8_1_00d04h00m.tif,IL34pos_TNFa,G8,4
1200,VID654_G8_1_00d06h00m.tif,IL34pos_TNFa,G8,6
1201,VID654_G8_1_00d08h00m.tif,IL34pos_TNFa,G8,8
1202,VID654_G8_1_00d10h00m.tif,IL34pos_TNFa,G8,10
1203,VID654_G8_1_00d12h00m.tif,IL34pos_TNFa,G8,12
1204,VID654_G8_1_00d14h00m.tif,IL34pos_TNFa,G8,14
1205,VID654_G8_1_00d16h00m.tif,IL34pos_TNFa,G8,16
1206,VID654_G8_1_00d18h00m.tif,IL34pos_TNFa,G8,18
1207,VID654_G8_1_00d20h00m.tif,IL34pos_TNFa,G8,20
1208,VID654_G8_1_00d22h00m.tif,IL34pos_TNFa,G8,22
1209,VID654_G8_1_01d00h00m.tif,IL34pos_TNFa,G8,24
1210,VID654_G8_3_00d00h00m.tif,IL34pos_TNFa,G8,0
1211,VID654_G8_3_00d02h00m.tif,IL34pos_TNFa,G8,2
1212,VID654_G8_3_00d04h00m.tif,IL34pos_TNFa,G8,4
1213,VID654_G8_3_00d06h00m.tif,IL34pos_TNFa,G8,6
1214,VID654_G8_3_00d08h00m.tif,IL34pos_TNFa,G8,8
1215,VID654_G8_3_00d10h00m.tif,IL34pos_TNFa,G8,10
1216,VID654_G8_3_00d12h00m.tif,IL34pos_TNFa,G8,12
1217,VID654_G8_3_00d14h00m.tif,IL34pos_TNFa,G8,14
1218,VID654_G8_3_00d16h00m.tif,IL34pos_TNFa,G8,16
1219,VID654_G8_3_00d18h00m.tif,IL34pos_TNFa,G8,18
1220,VID654_G8_3_00d20h00m.tif,IL34pos_TNFa,G8,20
1221,VID654_G8_3_00d22h00m.tif,IL34pos_TNFa,G8,22
1222,VID654_G8_3_01d00h00m.tif,IL34pos_TNFa,G8,24
1223,VID654_G9_1_00d00h00m.tif,,G9,0
1224,VID654_G9_1_00d02h00m.tif,,G9,2
1225,VID654_G9_1_00d04h00m.tif,,G9,4
1226,VID654_G9_1_00d06h00m.tif,,G9,6
1227,VID654_G9_1_00d08h00m.tif,,G9,8
1228,VID654_G9_1_00d10h00m.tif,,G9,10
1229,VID654_G9_1_00d12h00m.tif,,G9,12
1230,VID654_G9_1_00d14h00m.tif,,G9,14
1231,VID654_G9_1_00d16h00m.tif,,G9,16
1232,VID654_G9_1_00d18h00m.tif,,G9,18
1233,VID654_G9_1_00d20h00m.tif,,G9,20
1234,VID654_G9_1_00d22h00m.tif,,G9,22
1235,VID654_G9_1_01d00h00m.tif,,G9,24
1236,VID654_G9_3_00d00h00m.tif,,G9,0
1237,VID654_G9_3_00d02h00m.tif,,G9,2
1238,VID654_G9_3_00d04h00m.tif,,G9,4
1239,VID654_G9_3_00d06h00m.tif,,G9,6
1240,VID654_G9_3_00d08h00m.tif,,G9,8
1241,VID654_G9_3_00d10h00m.tif,,G9,10
1242,VID654_G9_3_00d12h00m.tif,,G9,12
1243,VID654_G9_3_00d14h00m.tif,,G9,14
1244,VID654_G9_3_00d16h00m.tif,,G9,16
1245,VID654_G9_3_00d18h00m.tif,,G9,18
1246,VID654_G9_3_00d20h00m.tif,,G9,20
1247,VID654_G9_3_00d22h00m.tif,,G9,22
1248,VID654_G9_3_01d00h00m.tif,,G9,24